canonical_path,duplicate_path,bytes,sha256,evidence,scope,canonical_mtime_ns,canonical_dev,canonical_ino,duplicate_mtime_ns,duplicate_dev,duplicate_ino
legacy_asr:AliMeeting/Train_Ali_far/audio_dir/R1019_M1989_MS108.wav,alimeeting_far_raw:Train_Ali_far/audio_dir/R1019_M1989_MS108.wav,639897264,8acf65be8e081f5e3133c6ae02ff1ed11de6a13ab91a0ec64da17d67c5da9c39,fresh_sha256_both_files,alimeeting_source,1639230687000000000,184,796759541,1639230687000000000,184,325589428
legacy_asr:AliMeeting/Train_Ali_far/audio_dir/R1019_M1998_MS103.wav,alimeeting_far_raw:Train_Ali_far/audio_dir/R1019_M1998_MS103.wav,622317008,2523f74baec939820b5590cbfa4e92826282b1e4593f341c96ad0b00754ac3dc,fresh_sha256_both_files,alimeeting_source,1639230767000000000,184,796759545,1639230767000000000,184,325589433
legacy_asr:AliMeeting/Train_Ali_far/audio_dir/R1019_M4013_MS108.wav,alimeeting_far_raw:Train_Ali_far/audio_dir/R1019_M4013_MS108.wav,615448400,cf75526acf380bed628b13f510b70cc114d24a0d8323a8b0a670b4adf143cb88,fresh_sha256_both_files,alimeeting_source,1639230859000000000,184,796759550,1639230859000000000,184,325589439
legacy_asr:AliMeeting/Train_Ali_far/audio_dir/R1019_M4017_MS103.wav,alimeeting_far_raw:Train_Ali_far/audio_dir/R1019_M4017_MS103.wav,615231520,46d5b9765c82311241bfc13178c04fb0d45ce015cde85ccdf4c6a64bda90f2cb,fresh_sha256_both_files,alimeeting_source,1639230900000000000,184,796825088,1639230900000000000,184,325589441
legacy_asr:AliMeeting/Train_Ali_far/audio_dir/R1019_M1948_MS107.wav,alimeeting_far_raw:Train_Ali_far/audio_dir/R1019_M1948_MS107.wav,606543952,92f98f07ba9f49530c9fcbda98e05968231a9436a07125ba4be7ba3b3ce76f99,fresh_sha256_both_files,alimeeting_source,1639230363000000000,184,796759523,1639230363000000000,184,325589409
legacy_asr:AliMeeting/Train_Ali_far/audio_dir/R2001_M2205_MS204.wav,alimeeting_far_raw:Train_Ali_far/audio_dir/R2001_M2205_MS204.wav,605300576,6439358826a78fc95a159af6d697ac157ab02e2946aba27c23102defd617cae7,fresh_sha256_both_files,alimeeting_source,1639230025000000000,184,796825130,1639230025000000000,184,325655060
legacy_asr:AliMeeting/Train_Ali_far/audio_dir/R2001_M2206_MS203.wav,alimeeting_far_raw:Train_Ali_far/audio_dir/R2001_M2206_MS203.wav,594606176,45e2462e8559e203248865b5a23f6b84b6473d85c8f447890edd3cacca6a8d5f,fresh_sha256_both_files,alimeeting_source,1639230047000000000,184,796825131,1639230047000000000,184,325655062
legacy_asr:AliMeeting/Eval_Ali/Eval_Ali_far/audio_dir/R8008_M8013_MS807.wav,alimeeting_far_raw:Eval_Ali_far/audio_dir/R8008_M8013_MS807.wav,573304528,aa22327ef996a60166fe2c4d8a7fa152be8dd5246e24fc38084e61208dbc5feb,fresh_sha256_both_files,alimeeting_source,1639226961000000000,184,796759364,1639226961000000000,184,727174571
legacy_asr:AliMeeting/Train_Ali_far/audio_dir/R1019_M1971_MS103.wav,alimeeting_far_raw:Train_Ali_far/audio_dir/R1019_M1971_MS103.wav,570787824,94992abacad3318b4eafdaf66c27da6636c15d8b7b0555d34af4f00587201d23,fresh_sha256_both_files,alimeeting_source,1639230557000000000,184,796759534,1639230557000000000,184,325589420
legacy_asr:AliMeeting/Train_Ali_far/audio_dir/R0008_M0051_MS002.wav,alimeeting_far_raw:Train_Ali_far/audio_dir/R0008_M0051_MS002.wav,564064080,5a8590210a82061078dcdd2395d59f54f3a9b2bdfc37442274ea144f1c83d06d,fresh_sha256_both_files,alimeeting_source,1639228014000000000,184,796759413,1639228014000000000,184,324799971
legacy_asr:AliMeeting/Train_Ali_far/audio_dir/R1019_M4026_MS103.wav,alimeeting_far_raw:Train_Ali_far/audio_dir/R1019_M4026_MS103.wav,562511648,ecb1f3957e35e5176567d0707f612f7f29cd78fbf719adbb4d4c2bdae655cb41,fresh_sha256_both_files,alimeeting_source,1639230956000000000,184,796825091,1639230956000000000,184,325589445
legacy_asr:AliMeeting/Train_Ali_far/audio_dir/R1019_M1993_MS108.wav,alimeeting_far_raw:Train_Ali_far/audio_dir/R1019_M1993_MS108.wav,553083552,9b279f72c168c86dd51d36b148d9bcc1526e0d8d3ff461f326fc631097cc0d36,fresh_sha256_both_files,alimeeting_source,1639230706000000000,184,796759542,1639230706000000000,184,325589430
legacy_asr:AliMeeting/Train_Ali_far/audio_dir/R0014_M0099_MS004.wav,alimeeting_far_raw:Train_Ali_far/audio_dir/R0014_M0099_MS004.wav,546511440,b7a76a37d7348bb14996a0cb4a5697096d33e3e81af7b84ce00b02ca57e2e7a9,fresh_sha256_both_files,alimeeting_source,1639228695000000000,184,796759449,1639228695000000000,184,325063108
legacy_asr:AliMeeting/Train_Ali_far/audio_dir/R0003_M0047_MS006.wav,alimeeting_far_raw:Train_Ali_far/audio_dir/R0003_M0047_MS006.wav,546345552,328966d995673ad7f426e4f55de808497b7fc2e3a41406b30790062f6051f167,fresh_sha256_both_files,alimeeting_source,1639227796000000000,184,796759401,1639227796000000000,184,324799958
legacy_asr:AliMeeting/Train_Ali_far/audio_dir/R1019_M4059_MS107.wav,alimeeting_far_raw:Train_Ali_far/audio_dir/R1019_M4059_MS107.wav,546156576,b24523c64af273c9373feed9058ebbf09ce33dc59e2c17525eaeccd53867e3cc,fresh_sha256_both_files,alimeeting_source,1639231232000000000,184,796825105,1639231232000000000,184,325589488
legacy_asr:AliMeeting/Train_Ali_far/audio_dir/R0008_M0060_MS006.wav,alimeeting_far_raw:Train_Ali_far/audio_dir/R0008_M0060_MS006.wav,545903184,cda6d05daf2555a9fc0fd5023b336df6ed226cf1bda1afa7c1f4bd27973f4d06,fresh_sha256_both_files,alimeeting_source,1639228164000000000,184,796759421,1639228164000000000,184,324799980
legacy_asr:AliMeeting/Train_Ali_far/audio_dir/R0008_M0052_MS002.wav,alimeeting_far_raw:Train_Ali_far/audio_dir/R0008_M0052_MS002.wav,543704912,1554ce9b9e6e5830b40cc45db5f8709aee4caeb4eb9cf95eb2b3f9f44f357018,fresh_sha256_both_files,alimeeting_source,1639228033000000000,184,796759414,1639228033000000000,184,324799972
legacy_asr:AliMeeting/Train_Ali_far/audio_dir/R2108_M2692_MS206.wav,alimeeting_far_raw:Train_Ali_far/audio_dir/R2108_M2692_MS206.wav,542598592,a7580621d04b52f1b54ca4a01b85f60c5567654e287122f9577a4771310da704,fresh_sha256_both_files,alimeeting_source,1639230121000000000,184,796825135,1639230121000000000,184,325655068
legacy_asr:AliMeeting/Train_Ali_far/audio_dir/R0014_M0087_MS002.wav,alimeeting_far_raw:Train_Ali_far/audio_dir/R0014_M0087_MS002.wav,536683600,bf555194ad74ac7f34dad7c7a81e993aa1688708f98cc42dd3f678a4f3d0bbf8,fresh_sha256_both_files,alimeeting_source,1639228512000000000,184,796759440,1639228512000000000,184,325063098
legacy_asr:AliMeeting/Train_Ali_far/audio_dir/R1019_M4035_MS107.wav,alimeeting_far_raw:Train_Ali_far/audio_dir/R1019_M4035_MS107.wav,535682032,5b0dd1c9f3341d228f6b63e03c449e09fc25ca6368ebb866f8b1597eee04513b,fresh_sha256_both_files,alimeeting_source,1639231048000000000,184,796825096,1639231048000000000,184,325589476
legacy_asr:AliMeeting/Train_Ali_far/audio_dir/R0014_M0083_MS006.wav,alimeeting_far_raw:Train_Ali_far/audio_dir/R0014_M0083_MS006.wav,535676240,4fd7067f52ed1bf3d17f6b67b0b618bfadfc22855b8b461d70ecb41720a0bd5d,fresh_sha256_both_files,alimeeting_source,1639228438000000000,184,796759436,1639228438000000000,184,325063090
legacy_asr:AliMeeting/Train_Ali_far/audio_dir/R0005_M0035_MS002.wav,alimeeting_far_raw:Train_Ali_far/audio_dir/R0005_M0035_MS002.wav,533302608,e39f5b40350086142dabbef53953c8bd1e9eb2f540bba225690a268a4a8eb15b,fresh_sha256_both_files,alimeeting_source,1639227938000000000,184,796759409,1639227938000000000,184,324799967
legacy_asr:AliMeeting/Train_Ali_far/audio_dir/R1019_M1995_MS103.wav,alimeeting_far_raw:Train_Ali_far/audio_dir/R1019_M1995_MS103.wav,533163008,7e5057bf08c3341afdbd8cb9b5e85f411274586ee6bff0dd888234c299785e0f,fresh_sha256_both_files,alimeeting_source,1639230725000000000,184,796759543,1639230725000000000,184,325589431
legacy_asr:AliMeeting/Train_Ali_far/audio_dir/R0008_M0072_MS002.wav,alimeeting_far_raw:Train_Ali_far/audio_dir/R0008_M0072_MS002.wav,533038672,ea70f2b72a1665d3def3a05f061ab3be546f7d64df450756f8ce3b6cbdba65d0,fresh_sha256_both_files,alimeeting_source,1639228275000000000,184,796759427,1639228275000000000,184,325063082
legacy_asr:AliMeeting/Train_Ali_far/audio_dir/R0008_M0070_MS006.wav,alimeeting_far_raw:Train_Ali_far/audio_dir/R0008_M0070_MS006.wav,531780944,cd76bab88e20b236f7f15a5333ee21ff8ec9a93e77ba4904d464847f65a2e292,fresh_sha256_both_files,alimeeting_source,1639228238000000000,184,796759425,1639228238000000000,184,325063079
legacy_asr:AliMeeting/Train_Ali_far/audio_dir/R0014_M0089_MS002.wav,alimeeting_far_raw:Train_Ali_far/audio_dir/R0014_M0089_MS002.wav,531741520,5cae71075f72c9016e0423578f6bf9c208f511999add8a4b5beb33481283ddc0,fresh_sha256_both_files,alimeeting_source,1639228551000000000,184,796759441,1639228551000000000,184,325063099
legacy_asr:AliMeeting/Train_Ali_far/audio_dir/R0008_M0050_MS002.wav,alimeeting_far_raw:Train_Ali_far/audio_dir/R0008_M0050_MS002.wav,530556496,424ae035b9ca8887972b1b4ed25e94d7b156f4580c252c8a40d1770063f20f3d,fresh_sha256_both_files,alimeeting_source,1639227994000000000,184,796759412,1639227994000000000,184,324799970
legacy_asr:AliMeeting/Eval_Ali/Eval_Ali_far/audio_dir/R8003_M8001_MS801.wav,alimeeting_far_raw:Eval_Ali_far/audio_dir/R8003_M8001_MS801.wav,529408080,33fc940588079005bf16491527e04a0e416e62bf57d5d471a4ff46bc0d6275e4,fresh_sha256_both_files,alimeeting_source,1639226908000000000,184,796759380,1639226908000000000,184,727174568
legacy_asr:AliMeeting/Train_Ali_far/audio_dir/R1019_M4005_MS107.wav,alimeeting_far_raw:Train_Ali_far/audio_dir/R1019_M4005_MS107.wav,528289680,1b701ae4a963222fb92e31c0941e4cf36e9c7d420a44270661eec480728818d6,fresh_sha256_both_files,alimeeting_source,1639230803000000000,184,796759547,1639230803000000000,184,325589436
legacy_asr:AliMeeting/Train_Ali_far/audio_dir/R1019_M4063_MS107.wav,alimeeting_far_raw:Train_Ali_far/audio_dir/R1019_M4063_MS107.wav,528078080,28d9915a49f025faefb36add745747a80596f9f6c7f7539c8be4f41e7d22a0e7,fresh_sha256_both_files,alimeeting_source,1639231250000000000,184,796825106,1639231250000000000,184,325589489
legacy_asr:AliMeeting/Train_Ali_far/audio_dir/R0005_M0041_MS002.wav,alimeeting_far_raw:Train_Ali_far/audio_dir/R0005_M0041_MS002.wav,528027728,5731dd205c558801494f92e76521ca38fcf9baca556949e32e3eab4683b56ca4,fresh_sha256_both_files,alimeeting_source,1639227975000000000,184,796759411,1639227975000000000,184,324799969
legacy_asr:AliMeeting/Train_Ali_far/audio_dir/R0014_M0091_MS002.wav,alimeeting_far_raw:Train_Ali_far/audio_dir/R0014_M0091_MS002.wav,526757200,6c072721597460c0e2b605019c41f8297ac7ee9682dcfae69560b76190d8fc4a,fresh_sha256_both_files,alimeeting_source,1639228588000000000,184,796759443,1639228588000000000,184,325063102
legacy_asr:AliMeeting/Train_Ali_far/audio_dir/R0014_M0100_MS004.wav,alimeeting_far_raw:Train_Ali_far/audio_dir/R0014_M0100_MS004.wav,526567760,01e26c1e17748d56b01e767d09db98ebbf65daefb1876d8c5b383df6ed2f600f,fresh_sha256_both_files,alimeeting_source,1639228712000000000,184,796759450,1639228712000000000,184,325063109
legacy_asr:AliMeeting/Train_Ali_far/audio_dir/R1019_M4028_MS107.wav,alimeeting_far_raw:Train_Ali_far/audio_dir/R1019_M4028_MS107.wav,525667024,da946e9b82f5ffb96912e7b716a276329f4e182a315bd0971b89c9d2bc42424f,fresh_sha256_both_files,alimeeting_source,1639230974000000000,184,796825092,1639230974000000000,184,325589447
legacy_asr:AliMeeting/Train_Ali_far/audio_dir/R1019_M4033_MS107.wav,alimeeting_far_raw:Train_Ali_far/audio_dir/R1019_M4033_MS107.wav,525642096,d9b128dc32e61432308397ddc5dbb6f7f4f79aca2dfdfc0625cb8d961f77fbfe,fresh_sha256_both_files,alimeeting_source,1639231028000000000,184,796825095,1639231028000000000,184,325589475
legacy_asr:AliMeeting/Train_Ali_far/audio_dir/R0008_M0058_MS006.wav,alimeeting_far_raw:Train_Ali_far/audio_dir/R0008_M0058_MS006.wav,525488208,d3cdc0008ac425ed7b13bea6d57049ba63523c8c2357a176fe3def116ac849e0,fresh_sha256_both_files,alimeeting_source,1639228144000000000,184,796759420,1639228144000000000,184,324799979
legacy_asr:AliMeeting/Train_Ali_far/audio_dir/R0014_M0090_MS002.wav,alimeeting_far_raw:Train_Ali_far/audio_dir/R0014_M0090_MS002.wav,525400400,d62eefa49673c2e78db33edd7df52da8977e99a1dc378c073cc346a4b7a3d101,fresh_sha256_both_files,alimeeting_source,1639228569000000000,184,796759442,1639228569000000000,184,325063101
legacy_asr:AliMeeting/Train_Ali_far/audio_dir/R0008_M0053_MS002.wav,alimeeting_far_raw:Train_Ali_far/audio_dir/R0008_M0053_MS002.wav,524777808,dc268329867207a9f9bf225e87547ac5ca316dcd064c86d43d5587b1125e5eb9,fresh_sha256_both_files,alimeeting_source,1639228052000000000,184,796759415,1639228052000000000,184,324799973
legacy_asr:AliMeeting/Train_Ali_far/audio_dir/R0014_M0079_MS006.wav,alimeeting_far_raw:Train_Ali_far/audio_dir/R0014_M0079_MS006.wav,524421200,9c2a4b21b6064e0c4e095136a97170100e59979ae8f1121041d7a1804045fa29,fresh_sha256_both_files,alimeeting_source,1639228402000000000,184,796759434,1639228402000000000,184,324799836
legacy_asr:AliMeeting/Train_Ali_far/audio_dir/R0014_M0106_MS003.wav,alimeeting_far_raw:Train_Ali_far/audio_dir/R0014_M0106_MS003.wav,523933520,9c53907314329df4c46ebd8409e73a51934130197efbf8cfecbfadc0e4a18a82,fresh_sha256_both_files,alimeeting_source,1639228786000000000,184,796759454,1639228786000000000,184,325063114
legacy_asr:AliMeeting/Train_Ali_far/audio_dir/R0003_M0046_MS002.wav,alimeeting_far_raw:Train_Ali_far/audio_dir/R0003_M0046_MS002.wav,523745616,827631c6319e443401b1fc925bbf2c4880b848d18812fdd144066ae10018f712,fresh_sha256_both_files,alimeeting_source,1639227776000000000,184,796759400,1639227776000000000,184,324799957
legacy_asr:AliMeeting/Train_Ali_far/audio_dir/R1019_M1949_MS107.wav,alimeeting_far_raw:Train_Ali_far/audio_dir/R1019_M1949_MS107.wav,523277488,bf84fabaa62fe402e2cf0078c13b266c0b0533b508d44a40055482ef97b7eb47,fresh_sha256_both_files,alimeeting_source,1639230381000000000,184,796759524,1639230381000000000,184,325589410
legacy_asr:AliMeeting/Train_Ali_far/audio_dir/R0014_M0085_MS006.wav,alimeeting_far_raw:Train_Ali_far/audio_dir/R0014_M0085_MS006.wav,523169360,d2dc3cc9b19c467e3717199c40123ee3d20ecb7384ee125b1d3b974a83424a4d,fresh_sha256_both_files,alimeeting_source,1639228476000000000,184,796759438,1639228476000000000,184,325063095
legacy_asr:AliMeeting/Train_Ali_far/audio_dir/R1019_M4043_MS108.wav,alimeeting_far_raw:Train_Ali_far/audio_dir/R1019_M4043_MS108.wav,523002864,037b22fe1b2c3025373f0d450d80d797b13d0643a43b023add30ae2d966669ad,fresh_sha256_both_files,alimeeting_source,1639231105000000000,184,796825099,1639231105000000000,184,325589479
legacy_asr:AliMeeting/Train_Ali_far/audio_dir/R0008_M0056_MS002.wav,alimeeting_far_raw:Train_Ali_far/audio_dir/R0008_M0056_MS002.wav,522226256,001746796a1cb584eb2266d3c83d35d298c1bdc0f6ebe9637b3ec007071a81ff,fresh_sha256_both_files,alimeeting_source,1639228108000000000,184,796759418,1639228108000000000,184,324799977
legacy_asr:AliMeeting/Train_Ali_far/audio_dir/R1019_M4039_MS108.wav,alimeeting_far_raw:Train_Ali_far/audio_dir/R1019_M4039_MS108.wav,521852256,d3ecac4c40b09c99b2a764fb8637e180ae3304098b46725e8bafaec5f4c92fe0,fresh_sha256_both_files,alimeeting_source,1639231068000000000,184,796825097,1639231068000000000,184,325589477
legacy_asr:AliMeeting/Train_Ali_far/audio_dir/R0008_M0069_MS006.wav,alimeeting_far_raw:Train_Ali_far/audio_dir/R0008_M0069_MS006.wav,521035088,a11892461f73562b42f038d77502100b6b631fe06ba9d1e01278cbbe008cd67b,fresh_sha256_both_files,alimeeting_source,1639228219000000000,184,796759424,1639228219000000000,184,325063078
legacy_asr:AliMeeting/Train_Ali_far/audio_dir/R1019_M4021_MS103.wav,alimeeting_far_raw:Train_Ali_far/audio_dir/R1019_M4021_MS103.wav,520960080,860cf8f40946dacfabb47311c514e5cd81edf0d458c7a1d5a1de0e17d7d14bd5,fresh_sha256_both_files,alimeeting_source,1639230936000000000,184,796825090,1639230936000000000,184,325589443
legacy_asr:AliMeeting/Train_Ali_far/audio_dir/R0008_M0057_MS006.wav,alimeeting_far_raw:Train_Ali_far/audio_dir/R0008_M0057_MS006.wav,520540240,5c19ad3b5ea7d463313d3faeaa0b53fe76276ad2a0b75f8d1698c11bfd67b9a5,fresh_sha256_both_files,alimeeting_source,1639228126000000000,184,796759419,1639228126000000000,184,324799978
legacy_asr:AliMeeting/Train_Ali_far/audio_dir/R0008_M0055_MS002.wav,alimeeting_far_raw:Train_Ali_far/audio_dir/R0008_M0055_MS002.wav,520529488,8bbae94e02e0372acc5370140aeb48a1cc47a02512920e741a1808247e256fb0,fresh_sha256_both_files,alimeeting_source,1639228089000000000,184,796759417,1639228089000000000,184,324799975
legacy_asr:AliMeeting/Train_Ali_far/audio_dir/R0014_M0084_MS006.wav,alimeeting_far_raw:Train_Ali_far/audio_dir/R0014_M0084_MS006.wav,518723920,fc248ec071359057e8fcc8c6907f17c72cb5f4efc3f03b4929cfdbb8aa311e47,fresh_sha256_both_files,alimeeting_source,1639228457000000000,184,796759437,1639228457000000000,184,325063093
legacy_asr:AliMeeting/Train_Ali_far/audio_dir/R0008_M0063_MS006.wav,alimeeting_far_raw:Train_Ali_far/audio_dir/R0008_M0063_MS006.wav,518679632,fda5fac6847d71090239f89129bc5af628ef11ee1383cada889e1b8b5b644c43,fresh_sha256_both_files,alimeeting_source,1639228183000000000,184,796759422,1639228183000000000,184,324799982
legacy_asr:AliMeeting/Train_Ali_far/audio_dir/R0004_M0025_MS006.wav,alimeeting_far_raw:Train_Ali_far/audio_dir/R0004_M0025_MS006.wav,518668944,9e842cfd81f960ab0674dc011058ab0c71384dedefcea0a560aef95a7991bc53,fresh_sha256_both_files,alimeeting_source,1639227883000000000,184,796759406,1639227883000000000,184,324799964
legacy_asr:AliMeeting/Train_Ali_far/audio_dir/R0014_M0078_MS006.wav,alimeeting_far_raw:Train_Ali_far/audio_dir/R0014_M0078_MS006.wav,514826320,187bffa321922deb95bcdaf0b27fdd4832d577abb167301e67ffbe8de49a51cc,fresh_sha256_both_files,alimeeting_source,1639228384000000000,184,796759433,1639228384000000000,184,325063088
legacy_asr:AliMeeting/Train_Ali_far/audio_dir/R0004_M0027_MS006.wav,alimeeting_far_raw:Train_Ali_far/audio_dir/R0004_M0027_MS006.wav,514708688,0c35eec8cdad23e6538de793d3d60f801a3387dd0ddffbcd7dd6e228d2e92d43,fresh_sha256_both_files,alimeeting_source,1639227901000000000,184,796759407,1639227901000000000,184,324799965
legacy_asr:AliMeeting/Train_Ali_far/audio_dir/R0014_M0077_MS006.wav,alimeeting_far_raw:Train_Ali_far/audio_dir/R0014_M0077_MS006.wav,514438480,7067af74cc8a102ea1eb64276a26d338053806c31e735efc3128966f3816dcdb,fresh_sha256_both_files,alimeeting_source,1639228365000000000,184,796759432,1639228365000000000,184,325063087
legacy_asr:AliMeeting/Train_Ali_far/audio_dir/R1019_M4020_MS103.wav,alimeeting_far_raw:Train_Ali_far/audio_dir/R1019_M4020_MS103.wav,514217712,45d7b4bb6b413392b657df3c383c77e40e0d2c424345e0718413d3932e41c088,fresh_sha256_both_files,alimeeting_source,1639230918000000000,184,796825089,1639230918000000000,184,325589442
legacy_asr:AliMeeting/Train_Ali_far/audio_dir/R0005_M0040_MS002.wav,alimeeting_far_raw:Train_Ali_far/audio_dir/R0005_M0040_MS002.wav,513778768,801c4768cfd5cf7a49307c43db6922ab98bc236b2710fa88c98b82c03c870bb2,fresh_sha256_both_files,alimeeting_source,1639227957000000000,184,796759410,1639227957000000000,184,324799968
legacy_asr:AliMeeting/Train_Ali_far/audio_dir/R1019_M4052_MS103.wav,alimeeting_far_raw:Train_Ali_far/audio_dir/R1019_M4052_MS103.wav,513701712,9c9579e11aebd3f9dcc41f446b37bd1c70fb44a4f8b25e23e14d69ef9d292c3b,fresh_sha256_both_files,alimeeting_source,1639231160000000000,184,796825101,1639231160000000000,184,325589482
legacy_asr:AliMeeting/Train_Ali_far/audio_dir/R0014_M0101_MS004.wav,alimeeting_far_raw:Train_Ali_far/audio_dir/R0014_M0101_MS004.wav,513600080,41c9b1c28d6d4f1a783bc86e5fc9c293dda8a73c4c75eef272f2ede5d3a8e4cc,fresh_sha256_both_files,alimeeting_source,1639228731000000000,184,796759451,1639228731000000000,184,325063110
legacy_asr:AliMeeting/Train_Ali_far/audio_dir/R1019_M1954_MS108.wav,alimeeting_far_raw:Train_Ali_far/audio_dir/R1019_M1954_MS108.wav,512512080,829164bd22603f584e24c0e2385c39718b7a1c0479b3285028f1870b45098efb,fresh_sha256_both_files,alimeeting_source,1639230434000000000,184,796759527,1639230434000000000,184,325589413
legacy_asr:AliMeeting/Train_Ali_far/audio_dir/R1019_M1979_MS107.wav,alimeeting_far_raw:Train_Ali_far/audio_dir/R1019_M1979_MS107.wav,512000080,06ba87f1c4439f7b70908489e013b1a23a74298e7ab4dd38e3d1a1b94a4f9566,fresh_sha256_both_files,alimeeting_source,1639230629000000000,184,796759538,1639230629000000000,184,325589424
legacy_asr:AliMeeting/Train_Ali_far/audio_dir/R0014_M0094_MS002.wav,alimeeting_far_raw:Train_Ali_far/audio_dir/R0014_M0094_MS002.wav,511258960,a468125844f4c8cfe9986f0bf282bea7e7e7356314c13c019dcd41aff8ded2b3,fresh_sha256_both_files,alimeeting_source,1639228640000000000,184,796759446,1639228640000000000,184,325063105
legacy_asr:AliMeeting/Train_Ali_far/audio_dir/R1019_M4007_MS107.wav,alimeeting_far_raw:Train_Ali_far/audio_dir/R1019_M4007_MS107.wav,511039648,f92851b0780059b10a18a2e091bcc3dafb01d4247259920c3b4fe4a7fcc775e0,fresh_sha256_both_files,alimeeting_source,1639230821000000000,184,796759548,1639230821000000000,184,325589437
legacy_asr:AliMeeting/Train_Ali_far/audio_dir/R0014_M0086_MS006.wav,alimeeting_far_raw:Train_Ali_far/audio_dir/R0014_M0086_MS006.wav,509882960,024db246cd90dfd4d6b2678f63f9b0e00d2c9df0ff46f2069e34fd77e5a8ae1f,fresh_sha256_both_files,alimeeting_source,1639228494000000000,184,796759439,1639228494000000000,184,325063096
legacy_asr:AliMeeting/Train_Ali_far/audio_dir/R1019_M4056_MS108.wav,alimeeting_far_raw:Train_Ali_far/audio_dir/R1019_M4056_MS108.wav,509324160,02d202eff7bf94ce2b0386060c0458d4db0f8117635cbf15da517d199453eecb,fresh_sha256_both_files,alimeeting_source,1639231195000000000,184,796825103,1639231195000000000,184,325589486
legacy_asr:AliMeeting/Train_Ali_far/audio_dir/R0014_M0098_MS004.wav,alimeeting_far_raw:Train_Ali_far/audio_dir/R0014_M0098_MS004.wav,509076560,a30a00aa5b6216062c914b40df4e32b6984f58df940e393e06118879b21176ea,fresh_sha256_both_files,alimeeting_source,1639228676000000000,184,796759448,1639228676000000000,184,325063107
legacy_asr:AliMeeting/Train_Ali_far/audio_dir/R0014_M0093_MS002.wav,alimeeting_far_raw:Train_Ali_far/audio_dir/R0014_M0093_MS002.wav,508851280,ec5e86613ef30b114115662ef55b93add5661fdd806fb9b5b871d78626377da5,fresh_sha256_both_files,alimeeting_source,1639228623000000000,184,796759445,1639228623000000000,184,325063104
legacy_asr:AliMeeting/Train_Ali_far/audio_dir/R0008_M0064_MS006.wav,alimeeting_far_raw:Train_Ali_far/audio_dir/R0008_M0064_MS006.wav,508820304,0e12efe3a59e943f03ec6bb099909366c0e308dceca7b76d1be2d0fa71cbab35,fresh_sha256_both_files,alimeeting_source,1639228200000000000,184,796759423,1639228200000000000,184,325063077
legacy_asr:AliMeeting/Train_Ali_far/audio_dir/R1019_M1977_MS107.wav,alimeeting_far_raw:Train_Ali_far/audio_dir/R1019_M1977_MS107.wav,507479200,25fe206e323a5316237510a5452a5d28d3e89592d07baf245aa9ce2faae5d8b0,fresh_sha256_both_files,alimeeting_source,1639230610000000000,184,796759537,1639230610000000000,184,325589423
legacy_asr:AliMeeting/Train_Ali_far/audio_dir/R0008_M0054_MS002.wav,alimeeting_far_raw:Train_Ali_far/audio_dir/R0008_M0054_MS002.wav,507453776,2f06c07140f790fe9602af0256489068d3f033053bf476432c23dce9431b9d99,fresh_sha256_both_files,alimeeting_source,1639228070000000000,184,796759416,1639228070000000000,184,324799974
legacy_asr:AliMeeting/Train_Ali_far/audio_dir/R0014_M0105_MS003.wav,alimeeting_far_raw:Train_Ali_far/audio_dir/R0014_M0105_MS003.wav,507251280,0d27cf8c7a2c751bc0c0b0d8e1da9c9e8d59004a4d64b9e6bf964f12444108ac,fresh_sha256_both_files,alimeeting_source,1639228767000000000,184,796759453,1639228767000000000,184,325063112
legacy_asr:AliMeeting/Train_Ali_far/audio_dir/R0020_M0190_MS005.wav,alimeeting_far_raw:Train_Ali_far/audio_dir/R0020_M0190_MS005.wav,506963536,d9f189a285fd494e95b0229cefc9fc81197c74b8c21cc2d377af799c09d4b992,fresh_sha256_both_files,alimeeting_source,1639229796000000000,184,796759515,1639229796000000000,184,325589398
legacy_asr:AliMeeting/Train_Ali_far/audio_dir/R1019_M4057_MS103.wav,alimeeting_far_raw:Train_Ali_far/audio_dir/R1019_M4057_MS103.wav,506193472,4d6a2872cd555cf9cc7b7d3e696e689c8e908179bf6e825cce3422a15b1b714e,fresh_sha256_both_files,alimeeting_source,1639231212000000000,184,796825104,1639231212000000000,184,325589487
legacy_asr:AliMeeting/Train_Ali_far/audio_dir/R1019_M1981_MS107.wav,alimeeting_far_raw:Train_Ali_far/audio_dir/R1019_M1981_MS107.wav,505999728,af9f7b9f0b94b63179a164a4e87619686df6fc872d84fb8c334a89558a482e34,fresh_sha256_both_files,alimeeting_source,1639230647000000000,184,796759539,1639230647000000000,184,325589425
legacy_asr:AliMeeting/Train_Ali_far/audio_dir/R1019_M1997_MS103.wav,alimeeting_far_raw:Train_Ali_far/audio_dir/R1019_M1997_MS103.wav,505875824,3df19dcd5216a9bf4e5f8e702872a688eefbae8d0525f87ec83a870637ad8244,fresh_sha256_both_files,alimeeting_source,1639230744000000000,184,796759544,1639230744000000000,184,325589432
legacy_asr:AliMeeting/Eval_Ali/Eval_Ali_far/audio_dir/R8009_M8019_MS810.wav,alimeeting_far_raw:Eval_Ali_far/audio_dir/R8009_M8019_MS810.wav,505325136,67e7c91769b289bfcc6f0d4da5992934218f4f9b70e6178a92f0cae0309b8b11,fresh_sha256_both_files,alimeeting_source,1639226993000000000,184,796759366,1639226993000000000,184,727174573
legacy_asr:AliMeeting/Train_Ali_far/audio_dir/R0004_M0012_MS005.wav,alimeeting_far_raw:Train_Ali_far/audio_dir/R0004_M0012_MS005.wav,504233808,eace391c7494ded0d585d661c76e3061aeee1ed09f3978962f42c91b61ac784d,fresh_sha256_both_files,alimeeting_source,1639227814000000000,184,796759402,1639227814000000000,184,324799959
legacy_asr:AliMeeting/Train_Ali_far/audio_dir/R1019_M1945_MS101.wav,alimeeting_far_raw:Train_Ali_far/audio_dir/R1019_M1945_MS101.wav,504159264,9563092256c45d1c137c4cdb4283aad7851c413bb1af8ffad7df7b73e2fac3dc,fresh_sha256_both_files,alimeeting_source,1639230326000000000,184,796759521,1639230326000000000,184,325589405
legacy_asr:AliMeeting/Train_Ali_far/audio_dir/R1021_M4012_MS104.wav,alimeeting_far_raw:Train_Ali_far/audio_dir/R1021_M4012_MS104.wav,504046544,9ca1d4acaa7d156c1113858d7828f6306ac7269ce300f24b95dff9d4c53c5b01,fresh_sha256_both_files,alimeeting_source,1639231386000000000,184,796825121,1639231386000000000,184,325655044
legacy_asr:AliMeeting/Train_Ali_far/audio_dir/R0004_M0022_MS002.wav,alimeeting_far_raw:Train_Ali_far/audio_dir/R0004_M0022_MS002.wav,503692880,156911a3f9e5de2f89f8852eafd04b84ea75174e0ede225dff74a4710df0ace1,fresh_sha256_both_files,alimeeting_source,1639227864000000000,184,796759405,1639227864000000000,184,324799963
legacy_asr:AliMeeting/Train_Ali_far/audio_dir/R0008_M0073_MS002.wav,alimeeting_far_raw:Train_Ali_far/audio_dir/R0008_M0073_MS002.wav,502596944,91e73588d7a2dcd31903fa96ee07b664af7294394a828a9bbb88cb1e80e0b708,fresh_sha256_both_files,alimeeting_source,1639228293000000000,184,796759428,1639228293000000000,184,325063083
legacy_asr:AliMeeting/Train_Ali_far/audio_dir/R0014_M0102_MS004.wav,alimeeting_far_raw:Train_Ali_far/audio_dir/R0014_M0102_MS004.wav,501506640,71dec04772f1e07864f5ee46d83eafb31ead6833e879d4773587599fc28388b1,fresh_sha256_both_files,alimeeting_source,1639228749000000000,184,796759452,1639228749000000000,184,325063111
legacy_asr:AliMeeting/Train_Ali_far/audio_dir/R0014_M0097_MS004.wav,alimeeting_far_raw:Train_Ali_far/audio_dir/R0014_M0097_MS004.wav,500852560,d77c3a85dfd7d0d21e9c6966daf628cc1f99e76f026524c10aa27f94d62a8769,fresh_sha256_both_files,alimeeting_source,1639228658000000000,184,796759447,1639228658000000000,184,325063106
legacy_asr:AliMeeting/Train_Ali_far/audio_dir/R1021_M1959_MS115.wav,alimeeting_far_raw:Train_Ali_far/audio_dir/R1021_M1959_MS115.wav,500802432,12c5ee5b5ae36d83e9e65a12f8d2893c837e978dd5b9a188abedb432af4f392f,fresh_sha256_both_files,alimeeting_source,1639229967000000000,184,796825118,1639229967000000000,184,325655041
legacy_asr:AliMeeting/Train_Ali_far/audio_dir/R0014_M0112_MS003.wav,alimeeting_far_raw:Train_Ali_far/audio_dir/R0014_M0112_MS003.wav,500622160,969994670122a419b4d2a696e1bbf575448b1df75547856bf82a6ccb045dffc5,fresh_sha256_both_files,alimeeting_source,1639228891000000000,184,796759460,1639228891000000000,184,325063121
legacy_asr:AliMeeting/Train_Ali_far/audio_dir/R1019_M4041_MS108.wav,alimeeting_far_raw:Train_Ali_far/audio_dir/R1019_M4041_MS108.wav,499971024,f78c135ac3643296756904fe6754ba081d87fa890d6f7d6e124ac9b52180e986,fresh_sha256_both_files,alimeeting_source,1639231086000000000,184,796825098,1639231086000000000,184,325589478
legacy_asr:AliMeeting/Train_Ali_far/audio_dir/R1019_M4030_MS107.wav,alimeeting_far_raw:Train_Ali_far/audio_dir/R1019_M4030_MS107.wav,499673696,257004dd8c7b9dbb5f1a38dd7fe6bdb7c2c9f52fdfee5ba58c96aecccd88a239,fresh_sha256_both_files,alimeeting_source,1639230992000000000,184,796825093,1639230992000000000,184,325589472
legacy_asr:AliMeeting/Train_Ali_far/audio_dir/R0020_M0191_MS005.wav,alimeeting_far_raw:Train_Ali_far/audio_dir/R0020_M0191_MS005.wav,498720080,cf09a71f336fe83d2f7d2773dffee36fc9757c37008a00b10c03a3103ccf2ebe,fresh_sha256_both_files,alimeeting_source,1639229815000000000,184,796759516,1639229815000000000,184,325589399
legacy_asr:AliMeeting/Train_Ali_far/audio_dir/R0015_M0121_MS005.wav,alimeeting_far_raw:Train_Ali_far/audio_dir/R0015_M0121_MS005.wav,498290768,c6119200e4335e51ab03e424f08e5731469ff6421ecf2c2a8d52fb356b8cae11,fresh_sha256_both_files,alimeeting_source,1639229012000000000,184,796759467,1639229012000000000,184,325063134
legacy_asr:AliMeeting/Train_Ali_far/audio_dir/R1019_M1963_MS108.wav,alimeeting_far_raw:Train_Ali_far/audio_dir/R1019_M1963_MS108.wav,497825008,b478ddd417825d8eb64b81ffef462a39cffa5d00ee60dea4f132049b3d317e34,fresh_sha256_both_files,alimeeting_source,1639230486000000000,184,796759530,1639230486000000000,184,325589416
legacy_asr:AliMeeting/Train_Ali_far/audio_dir/R0014_M0107_MS003.wav,alimeeting_far_raw:Train_Ali_far/audio_dir/R0014_M0107_MS003.wav,497546320,e8f2fb4ba20528ceaec1160bb27188cda8fc1c359cbab937550d334bb89f44b7,fresh_sha256_both_files,alimeeting_source,1639228803000000000,184,796759455,1639228803000000000,184,325063115
legacy_asr:AliMeeting/Train_Ali_far/audio_dir/R0008_M0071_MS002.wav,alimeeting_far_raw:Train_Ali_far/audio_dir/R0008_M0071_MS002.wav,497461328,b264a80aaf1deaa258c973ad4d3f33580dd6f7f946662dd432fd992684fd9dad,fresh_sha256_both_files,alimeeting_source,1639228256000000000,184,796759426,1639228256000000000,184,325063081
legacy_asr:AliMeeting/Train_Ali_far/audio_dir/R0014_M0109_MS003.wav,alimeeting_far_raw:Train_Ali_far/audio_dir/R0014_M0109_MS003.wav,495833680,1b5bc5b712fcdac84e5f26060bd82db066e3f789ba9d2b4f6ab8ed11c9da71b0,fresh_sha256_both_files,alimeeting_source,1639228838000000000,184,796759457,1639228838000000000,184,325063117
legacy_asr:AliMeeting/Train_Ali_far/audio_dir/R0004_M0017_MS005.wav,alimeeting_far_raw:Train_Ali_far/audio_dir/R0004_M0017_MS005.wav,495565392,dc47be59ea97c6bbe3f9f4b2f38d43c0beaab100b5b54285e630b6f1d64b21ec,fresh_sha256_both_files,alimeeting_source,1639227831000000000,184,796759403,1639227831000000000,184,324799960
legacy_asr:AliMeeting/Train_Ali_far/audio_dir/R2105_M3175_MS211.wav,alimeeting_far_raw:Train_Ali_far/audio_dir/R2105_M3175_MS211.wav,495517984,6b3639d10cd50b869073088dd420e48c831263aecddcd561a16ca3534488a16d,fresh_sha256_both_files,alimeeting_source,1639230085000000000,184,796825133,1639230085000000000,184,325655066
legacy_asr:AliMeeting/Train_Ali_far/audio_dir/R0015_M0162_MS006.wav,alimeeting_far_raw:Train_Ali_far/audio_dir/R0015_M0162_MS006.wav,495477472,7d27a93a8136c17ca2b70cc0b78d0e85f0e2579d86711f9847d901bcb031f82a,fresh_sha256_both_files,alimeeting_source,1639229516000000000,184,796759498,1639229516000000000,184,325589378
legacy_asr:AliMeeting/Train_Ali_far/audio_dir/R0020_M0168_MS006.wav,alimeeting_far_raw:Train_Ali_far/audio_dir/R0020_M0168_MS006.wav,495024720,7e19e2cbc121492220d14d2ef4b0d81cca4b76885dae7aa8b06c5deb46f131e5,fresh_sha256_both_files,alimeeting_source,1639229585000000000,184,796759502,1639229585000000000,184,325589383
legacy_asr:AliMeeting/Train_Ali_far/audio_dir/R0020_M0193_MS005.wav,alimeeting_far_raw:Train_Ali_far/audio_dir/R0020_M0193_MS005.wav,493658960,4310901bd4e0cc782417f51ed472d56b7b024d92e73a5fac78da1fcb7c3d8552,fresh_sha256_both_files,alimeeting_source,1639229850000000000,184,796759518,1639229850000000000,184,325589402
legacy_asr:AliMeeting/Train_Ali_far/audio_dir/R2105_M3164_MS211.wav,alimeeting_far_raw:Train_Ali_far/audio_dir/R2105_M3164_MS211.wav,493310416,bf12ffe8e8844f00bd5c551960fa58043b84476fda18e34dfca4a40b7f8c9c59,fresh_sha256_both_files,alimeeting_source,1639230065000000000,184,796825132,1639230065000000000,184,325655063
legacy_asr:AliMeeting/Train_Ali_far/audio_dir/R0015_M0152_MS002.wav,alimeeting_far_raw:Train_Ali_far/audio_dir/R0015_M0152_MS002.wav,493192528,6d7709bfd45aeabbfae1bc9c658f44aadc18056e051cf13974be8b28e0b5f8e6,fresh_sha256_both_files,alimeeting_source,1639229414000000000,184,796759492,1639229414000000000,184,325589372
legacy_asr:AliMeeting/Train_Ali_far/audio_dir/R1019_M1956_MS108.wav,alimeeting_far_raw:Train_Ali_far/audio_dir/R1019_M1956_MS108.wav,493164592,0c87c33c4c6479bf8ecbee5bb71e3855fc0a4539533044bb9b36e6fd8a002249,fresh_sha256_both_files,alimeeting_source,1639230452000000000,184,796759528,1639230452000000000,184,325589414
legacy_asr:AliMeeting/Train_Ali_far/audio_dir/R0014_M0111_MS003.wav,alimeeting_far_raw:Train_Ali_far/audio_dir/R0014_M0111_MS003.wav,492711760,d4b280fd2093ad3ee1db1c80618d39937f0fa2e85660753d06c5dcf5437a3d76,fresh_sha256_both_files,alimeeting_source,1639228872000000000,184,796759459,1639228872000000000,184,325063120
legacy_asr:AliMeeting/Train_Ali_far/audio_dir/R0020_M0183_MS005.wav,alimeeting_far_raw:Train_Ali_far/audio_dir/R0020_M0183_MS005.wav,492457040,fd6c09e02a5c86a6eb40092d7deb59f8797979db14f43262d0908c51e3d61660,fresh_sha256_both_files,alimeeting_source,1639229726000000000,184,796759511,1639229726000000000,184,325589392
legacy_asr:AliMeeting/Train_Ali_far/audio_dir/R1019_M4015_MS108.wav,alimeeting_far_raw:Train_Ali_far/audio_dir/R1019_M4015_MS108.wav,491086128,266d278caf31eaa476c0d878c7fcc9089a45c04f4f929481d821758decc5405c,fresh_sha256_both_files,alimeeting_source,1639230877000000000,184,796759551,1639230877000000000,184,325589440
legacy_asr:AliMeeting/Train_Ali_far/audio_dir/R0014_M0108_MS003.wav,alimeeting_far_raw:Train_Ali_far/audio_dir/R0014_M0108_MS003.wav,491070800,61cfdef5ccc83e873111348b2dd9143bcfb9cfb320fe02727cbc4a0729d78f54,fresh_sha256_both_files,alimeeting_source,1639228820000000000,184,796759456,1639228820000000000,184,325063116
legacy_asr:AliMeeting/Train_Ali_far/audio_dir/R1019_M4031_MS108.wav,alimeeting_far_raw:Train_Ali_far/audio_dir/R1019_M4031_MS108.wav,490565296,23168752f8e15f646c16a1f2238048245d8d9debc1b93ee4e5edd884eff76d25,fresh_sha256_both_files,alimeeting_source,1639231010000000000,184,796825094,1639231010000000000,184,325589473
legacy_asr:AliMeeting/Train_Ali_far/audio_dir/R0008_M0075_MS002.wav,alimeeting_far_raw:Train_Ali_far/audio_dir/R0008_M0075_MS002.wav,490269520,803cff407130543671fde3f463f34d96ec7af9bdfe024753507946559be914f6,fresh_sha256_both_files,alimeeting_source,1639228329000000000,184,796759430,1639228329000000000,184,325063085
legacy_asr:AliMeeting/Train_Ali_far/audio_dir/R0015_M0118_MS005.wav,alimeeting_far_raw:Train_Ali_far/audio_dir/R0015_M0118_MS005.wav,489451600,0470b7a719f9a24c4e7fba9e4350d7fc22b2a9c5baa1dde8253b5c31ea22cb2c,fresh_sha256_both_files,alimeeting_source,1639228959000000000,184,796759464,1639228959000000000,184,325063126
legacy_asr:AliMeeting/Eval_Ali/Eval_Ali_far/audio_dir/R8009_M8020_MS810.wav,alimeeting_far_raw:Eval_Ali_far/audio_dir/R8009_M8020_MS810.wav,489073632,51190a947a182294b103e37ab4a29ee6adeb3fb1ee94572769da82a96f7ce952,fresh_sha256_both_files,alimeeting_source,1639227010000000000,184,796759347,1639227010000000000,184,727174574
legacy_asr:AliMeeting/Train_Ali_far/audio_dir/R1019_M4055_MS103.wav,alimeeting_far_raw:Train_Ali_far/audio_dir/R1019_M4055_MS103.wav,489022176,69907eab28810dfa3aef0428537d1a4c6fefb84b163002784e40164929b20640,fresh_sha256_both_files,alimeeting_source,1639231177000000000,184,796825102,1639231177000000000,184,325589485
legacy_asr:AliMeeting/Train_Ali_far/audio_dir/R2108_M3223_MS207.wav,alimeeting_far_raw:Train_Ali_far/audio_dir/R2108_M3223_MS207.wav,489009712,f0addbceee6964d4f4fec8700777e03b512cfdb33079e205c6bb37526b205dad,fresh_sha256_both_files,alimeeting_source,1639230207000000000,184,796825140,1639230207000000000,184,325655073
legacy_asr:AliMeeting/Train_Ali_far/audio_dir/R0015_M0153_MS002.wav,alimeeting_far_raw:Train_Ali_far/audio_dir/R0015_M0153_MS002.wav,487775056,0313e786698895f60d30dfc69ca7977e03137cc35714fb0b03c4ee04508dacd6,fresh_sha256_both_files,alimeeting_source,1639229431000000000,184,796759493,1639229431000000000,184,325589373
legacy_asr:AliMeeting/Train_Ali_far/audio_dir/R0020_M0166_MS006.wav,alimeeting_far_raw:Train_Ali_far/audio_dir/R0020_M0166_MS006.wav,487672656,1a7fcb4f3f532902a02e27617d80a180154c7893cde41337c71c36858702d709,fresh_sha256_both_files,alimeeting_source,1639229550000000000,184,796759500,1639229550000000000,184,325589380
legacy_asr:AliMeeting/Train_Ali_far/audio_dir/R0020_M0178_MS005.wav,alimeeting_far_raw:Train_Ali_far/audio_dir/R0020_M0178_MS005.wav,487380560,fdfba181424daed0cee92042f9aec6489f9c859d9a6a2119adfe821cc713fa09,fresh_sha256_both_files,alimeeting_source,1639229698000000000,184,796759509,1639229698000000000,184,325589390
legacy_asr:AliMeeting/Train_Ali_far/audio_dir/R0014_M0092_MS002.wav,alimeeting_far_raw:Train_Ali_far/audio_dir/R0014_M0092_MS002.wav,486478160,e399028642c1a65b52d2e40193c23e655d348150c2818914a2850dee09bc27f3,fresh_sha256_both_files,alimeeting_source,1639228605000000000,184,796759444,1639228605000000000,184,325063103
legacy_asr:AliMeeting/Train_Ali_far/audio_dir/R0015_M0147_MS002.wav,alimeeting_far_raw:Train_Ali_far/audio_dir/R0015_M0147_MS002.wav,486288720,bc413d24ae760405f2c7ff343f52e68d4bbc16f6a5c6b2f2fd316dc475e120ed,fresh_sha256_both_files,alimeeting_source,1639229330000000000,184,796759487,1639229330000000000,184,325063164
legacy_asr:AliMeeting/Train_Ali_far/audio_dir/R0015_M0148_MS002.wav,alimeeting_far_raw:Train_Ali_far/audio_dir/R0015_M0148_MS002.wav,485551952,b747ad98f54e5e05fb4132290b8cc5a929b3335105e7d95eac502c58bcae7688,fresh_sha256_both_files,alimeeting_source,1639229347000000000,184,796759488,1639229347000000000,184,325063166
legacy_asr:AliMeeting/Train_Ali_far/audio_dir/R0020_M0171_MS006.wav,alimeeting_far_raw:Train_Ali_far/audio_dir/R0020_M0171_MS006.wav,485342800,fc731f17887d9e0cc7e34340b7802cc7d691157a97329ebadc44b9fb3894fc18,fresh_sha256_both_files,alimeeting_source,1639229637000000000,184,796759505,1639229637000000000,184,325589386
legacy_asr:AliMeeting/Train_Ali_far/audio_dir/R1019_M4070_MS109.wav,alimeeting_far_raw:Train_Ali_far/audio_dir/R1019_M4070_MS109.wav,485288864,5bb51b5377c65f09d72b8a3fab31a11a222053eee5a27b0912177155b5183ab4,fresh_sha256_both_files,alimeeting_source,1639231267000000000,184,796825107,1639231267000000000,184,325589490
legacy_asr:AliMeeting/Train_Ali_far/audio_dir/R0015_M0151_MS002.wav,alimeeting_far_raw:Train_Ali_far/audio_dir/R0015_M0151_MS002.wav,485263952,20c79ce70f89e414b3937bdb5f2817a7183b1274827291c0abe173a6c3f28ee8,fresh_sha256_both_files,alimeeting_source,1639229397000000000,184,796759491,1639229397000000000,184,325128735
legacy_asr:AliMeeting/Train_Ali_far/audio_dir/R1019_M1965_MS103.wav,alimeeting_far_raw:Train_Ali_far/audio_dir/R1019_M1965_MS103.wav,484731568,c4e394c1b7f5deff009e78132849412672d8a6826f567231b150bee8ed3506c9,fresh_sha256_both_files,alimeeting_source,1639230503000000000,184,796759531,1639230503000000000,184,325589417
legacy_asr:AliMeeting/Train_Ali_far/audio_dir/R1019_M1975_MS107.wav,alimeeting_far_raw:Train_Ali_far/audio_dir/R1019_M1975_MS107.wav,484224688,f156079c8a056bc7f13ade10345c56d9e5414ced0ed91a94b91ff5b97ebea18f,fresh_sha256_both_files,alimeeting_source,1639230592000000000,184,796759536,1639230592000000000,184,325589422
legacy_asr:AliMeeting/Train_Ali_far/audio_dir/R0020_M0184_MS005.wav,alimeeting_far_raw:Train_Ali_far/audio_dir/R0020_M0184_MS005.wav,483590480,9af6701fec9c76267de569990b643e10d731f6ee08339a35119d1801d7b56448,fresh_sha256_both_files,alimeeting_source,1639229743000000000,184,796759512,1639229743000000000,184,325589393
legacy_asr:AliMeeting/Train_Ali_far/audio_dir/R0008_M0074_MS002.wav,alimeeting_far_raw:Train_Ali_far/audio_dir/R0008_M0074_MS002.wav,482722128,1f9b3a7efa147e2fb56dfff0803a84f44589b6c934b3f078f4b68b5a0bf5bc1e,fresh_sha256_both_files,alimeeting_source,1639228311000000000,184,796759429,1639228311000000000,184,325063084
legacy_asr:AliMeeting/Train_Ali_far/audio_dir/R0015_M0163_MS006.wav,alimeeting_far_raw:Train_Ali_far/audio_dir/R0015_M0163_MS006.wav,482516816,99da2df096ec9a6c3552870d1e74ac6d5da2e27a2eba6cab8c18b14042734fbe,fresh_sha256_both_files,alimeeting_source,1639229533000000000,184,796759499,1639229533000000000,184,325589379
legacy_asr:AliMeeting/Train_Ali_far/audio_dir/R0015_M0122_MS005.wav,alimeeting_far_raw:Train_Ali_far/audio_dir/R0015_M0122_MS005.wav,482362448,9d3f09f45a90371bc554eee790e88184146f8854dd7eecbb472b47d584e42ac4,fresh_sha256_both_files,alimeeting_source,1639229029000000000,184,796759468,1639229029000000000,184,325063135
legacy_asr:AliMeeting/Train_Ali_far/audio_dir/R2108_M3199_MS206.wav,alimeeting_far_raw:Train_Ali_far/audio_dir/R2108_M3199_MS206.wav,482251856,d757332618df7c64937917d39517fb58d6ac330ef117af63945a6d629c8b107e,fresh_sha256_both_files,alimeeting_source,1639230139000000000,184,796825136,1639230139000000000,184,325655069
legacy_asr:AliMeeting/Train_Ali_far/audio_dir/R0020_M0192_MS005.wav,alimeeting_far_raw:Train_Ali_far/audio_dir/R0020_M0192_MS005.wav,481895760,00670a2e6ed498e0c054d8e037685d5f5f10762825fd9aa187b987d9bb529e40,fresh_sha256_both_files,alimeeting_source,1639229832000000000,184,796759517,1639229832000000000,184,325589401
legacy_asr:AliMeeting/Train_Ali_far/audio_dir/R1021_M4025_MS115.wav,alimeeting_far_raw:Train_Ali_far/audio_dir/R1021_M4025_MS115.wav,480119920,3ffd123b1b2ae08cca5f4ce9aba18cabceaec8732892de1c0e13e0be64ae5136,fresh_sha256_both_files,alimeeting_source,1639230002000000000,184,796825122,1639230002000000000,184,325655046
legacy_asr:AliMeeting/Train_Ali_far/audio_dir/R1019_M1972_MS107.wav,alimeeting_far_raw:Train_Ali_far/audio_dir/R1019_M1972_MS107.wav,479880736,5b46dabec4c44bd2faf5358fd20e8599c94e2dbe8610f2b62ab62a1c83bf2176,fresh_sha256_both_files,alimeeting_source,1639230575000000000,184,796759535,1639230575000000000,184,325589421
legacy_asr:AliMeeting/Train_Ali_far/audio_dir/R0004_M0028_MS006.wav,alimeeting_far_raw:Train_Ali_far/audio_dir/R0004_M0028_MS006.wav,479687872,8f7b79bd28bea3cd63c02ac18edc5956b456a52122500278a52cb2e08ee62f73,fresh_sha256_both_files,alimeeting_source,1639227919000000000,184,796759408,1639227919000000000,184,324799966
legacy_asr:AliMeeting/Train_Ali_far/audio_dir/R0015_M0142_MS003.wav,alimeeting_far_raw:Train_Ali_far/audio_dir/R0015_M0142_MS003.wav,479606864,ce7526c63d60f5730b357767896a49492836afef6d62dea2925e68228568626e,fresh_sha256_both_files,alimeeting_source,1639229245000000000,184,796759482,1639229245000000000,184,325063157
legacy_asr:AliMeeting/Train_Ali_far/audio_dir/R1019_M1929_MS110.wav,alimeeting_far_raw:Train_Ali_far/audio_dir/R1019_M1929_MS110.wav,479551776,ebabdd6366ca3d181ecea970219b71089c4d28580b7c42ab5814ef9f2c964a84,fresh_sha256_both_files,alimeeting_source,1639230307000000000,184,796759520,1639230307000000000,184,325589404
legacy_asr:AliMeeting/Train_Ali_far/audio_dir/R0015_M0149_MS002.wav,alimeeting_far_raw:Train_Ali_far/audio_dir/R0015_M0149_MS002.wav,479343184,59adcbe1af04ae4120181fee7433caf2aec8c191e5e59eb158a6181f994fa9c5,fresh_sha256_both_files,alimeeting_source,1639229365000000000,184,796759489,1639229365000000000,184,325128710
legacy_asr:AliMeeting/Train_Ali_far/audio_dir/R0015_M0130_MS003.wav,alimeeting_far_raw:Train_Ali_far/audio_dir/R0015_M0130_MS003.wav,479339088,13a68d12e5468e78ded039151747d0e782a1a3ea1f81258d8362a8335b47f9ad,fresh_sha256_both_files,alimeeting_source,1639229130000000000,184,796759474,1639229130000000000,184,325063147
legacy_asr:AliMeeting/Train_Ali_far/audio_dir/R1019_M4071_MS109.wav,alimeeting_far_raw:Train_Ali_far/audio_dir/R1019_M4071_MS109.wav,479294400,a59e3ad789d31e3f8e9c2ca904f8204095d3da5cfbd76de8e833664a2e8bde2b,fresh_sha256_both_files,alimeeting_source,1639231285000000000,184,796825108,1639231285000000000,184,325589494
legacy_asr:AliMeeting/Train_Ali_far/audio_dir/R1019_M4004_MS107.wav,alimeeting_far_raw:Train_Ali_far/audio_dir/R1019_M4004_MS107.wav,478484928,ebc028e313d61d0cb02aceedb6912391094bbb0b009f85c7bb66ad2de19e6fd5,fresh_sha256_both_files,alimeeting_source,1639230785000000000,184,796759546,1639230785000000000,184,325589434
legacy_asr:AliMeeting/Train_Ali_far/audio_dir/R2108_M3225_MS207.wav,alimeeting_far_raw:Train_Ali_far/audio_dir/R2108_M3225_MS207.wav,478189824,a8e98116c0e6997b2f88a24b7861e6f3de73cf2f7589b658bffa569221278154,fresh_sha256_both_files,alimeeting_source,1639230224000000000,184,796825141,1639230224000000000,184,325655074
legacy_asr:AliMeeting/Train_Ali_far/audio_dir/R1019_M1953_MS107.wav,alimeeting_far_raw:Train_Ali_far/audio_dir/R1019_M1953_MS107.wav,477757280,aaa63a7cd8c5cd5d90bcae7ca3f9f311b4b09977ea23bbf036bba4a83663d314,fresh_sha256_both_files,alimeeting_source,1639230415000000000,184,796759526,1639230415000000000,184,325589412
legacy_asr:AliMeeting/Eval_Ali/Eval_Ali_far/audio_dir/R8007_M8011_MS806.wav,alimeeting_far_raw:Eval_Ali_far/audio_dir/R8007_M8011_MS806.wav,476555856,c2140f541e74c3ab5556de158a53cb70d165cee3b58762ad653855a8d18ad857,fresh_sha256_both_files,alimeeting_source,1639226941000000000,184,796759374,1639226941000000000,184,727174570
legacy_asr:AliMeeting/Train_Ali_far/audio_dir/R1019_M1967_MS103.wav,alimeeting_far_raw:Train_Ali_far/audio_dir/R1019_M1967_MS103.wav,476229936,ade064f8c6082a171a7266cb6d2dc9cfddc8c61593571a5ad9c40a5171c7e5e4,fresh_sha256_both_files,alimeeting_source,1639230520000000000,184,796759532,1639230520000000000,184,325589418
legacy_asr:AliMeeting/Train_Ali_far/audio_dir/R0020_M0167_MS006.wav,alimeeting_far_raw:Train_Ali_far/audio_dir/R0020_M0167_MS006.wav,476048720,cbd3a8626a9637825e9ff2cc2dd74749164f26aa57a2dc8604cc70ccf9131242,fresh_sha256_both_files,alimeeting_source,1639229567000000000,184,796759501,1639229567000000000,184,325589381
legacy_asr:AliMeeting/Train_Ali_far/audio_dir/R0014_M0080_MS006.wav,alimeeting_far_raw:Train_Ali_far/audio_dir/R0014_M0080_MS006.wav,476030800,64022f523c6f88fd58a2f27c12b17f21592591173f3d31dcad553a5d832ca362,fresh_sha256_both_files,alimeeting_source,1639228419000000000,184,796759435,1639228419000000000,184,325063089
legacy_asr:AliMeeting/Train_Ali_far/audio_dir/R0015_M0126_MS005.wav,alimeeting_far_raw:Train_Ali_far/audio_dir/R0015_M0126_MS005.wav,475247632,f8f467a76e156345321f478346a10d00c23680f09ab6f61f77adc93f3fe127ba,fresh_sha256_both_files,alimeeting_source,1639229096000000000,184,796759472,1639229096000000000,184,325063145
legacy_asr:AliMeeting/Train_Ali_far/audio_dir/R0015_M0116_MS005.wav,alimeeting_far_raw:Train_Ali_far/audio_dir/R0015_M0116_MS005.wav,475222608,de24334cd573c0718dd3e8300a4b0aede24dc785cae85eefb66f76ccb85eae6b,fresh_sha256_both_files,alimeeting_source,1639228925000000000,184,796759462,1639228925000000000,184,325063124
legacy_asr:AliMeeting/Eval_Ali/Eval_Ali_far/audio_dir/R8007_M8010_MS803.wav,alimeeting_far_raw:Eval_Ali_far/audio_dir/R8007_M8010_MS803.wav,475218496,d92169f2c90dde2482ec6f794588a597870f2dff51a1f123e92bcf052a7ca9b2,fresh_sha256_both_files,alimeeting_source,1639226924000000000,184,796759383,1639226924000000000,184,727174569
legacy_asr:AliMeeting/Train_Ali_far/audio_dir/R1019_M1969_MS103.wav,alimeeting_far_raw:Train_Ali_far/audio_dir/R1019_M1969_MS103.wav,474760016,3e6d1ae369bfac2a69072cf99b15ce529272a66e7fe7a6e028393db4b51c4337,fresh_sha256_both_files,alimeeting_source,1639230537000000000,184,796759533,1639230537000000000,184,325589419
legacy_asr:AliMeeting/Train_Ali_far/audio_dir/R0020_M0172_MS006.wav,alimeeting_far_raw:Train_Ali_far/audio_dir/R0020_M0172_MS006.wav,474460240,245ebad4d090801dd4b16d5a23b78fffb98e9c0b5cb811c34b72365e05802e5e,fresh_sha256_both_files,alimeeting_source,1639229654000000000,184,796759506,1639229654000000000,184,325589387
legacy_asr:AliMeeting/Train_Ali_far/audio_dir/R0015_M0115_MS005.wav,alimeeting_far_raw:Train_Ali_far/audio_dir/R0015_M0115_MS005.wav,473532240,7a3e7340d1813aaaa71265e63d80556803a6dd559a112ff0a97d8c217fba8143,fresh_sha256_both_files,alimeeting_source,1639228908000000000,184,796759461,1639228908000000000,184,325063122
legacy_asr:AliMeeting/Train_Ali_far/audio_dir/R2105_M3318_MS211.wav,alimeeting_far_raw:Train_Ali_far/audio_dir/R2105_M3318_MS211.wav,473458288,a5a7156a4b3c33d71493fc7672f675e50bcf65a4ee9ba3cd8c95293eb1d88d01,fresh_sha256_both_files,alimeeting_source,1639230103000000000,184,796825134,1639230103000000000,184,325655067
legacy_asr:AliMeeting/Train_Ali_far/audio_dir/R1021_M1933_MS104.wav,alimeeting_far_raw:Train_Ali_far/audio_dir/R1021_M1933_MS104.wav,473363792,cd29caa69c100adf2e9e26a162e9cccfa4778445ed84b2a5035c48a01228e53b,fresh_sha256_both_files,alimeeting_source,1639231351000000000,184,796825111,1639231351000000000,184,325589497
legacy_asr:AliMeeting/Train_Ali_far/audio_dir/R0020_M0186_MS005.wav,alimeeting_far_raw:Train_Ali_far/audio_dir/R0020_M0186_MS005.wav,473239120,6e7b3d9e9a5090e047efa4eaaa84924a88edf44dcc4b371e7b71d7fe4e3af0de,fresh_sha256_both_files,alimeeting_source,1639229777000000000,184,796759514,1639229777000000000,184,325589396
legacy_asr:AliMeeting/Train_Ali_far/audio_dir/R1021_M4062_MS101.wav,alimeeting_far_raw:Train_Ali_far/audio_dir/R1021_M4062_MS101.wav,472881952,452fe51fdf02e7a2b8a2f6f4a7e00700210ce52c8ef51e37c202083c093b3e3f,fresh_sha256_both_files,alimeeting_source,1639231420000000000,184,796825124,1639231420000000000,184,325063143
legacy_asr:AliMeeting/Train_Ali_far/audio_dir/R1021_M1961_MS115.wav,alimeeting_far_raw:Train_Ali_far/audio_dir/R1021_M1961_MS115.wav,472664912,d9e415c647e30c9ae4e12aa1d86bac4dcb41247f9315879adebc3a334847e28e,fresh_sha256_both_files,alimeeting_source,1639229985000000000,184,796825119,1639229985000000000,184,325655042
legacy_asr:AliMeeting/Train_Ali_far/audio_dir/R0015_M0129_MS005.wav,alimeeting_far_raw:Train_Ali_far/audio_dir/R0015_M0129_MS005.wav,472286288,b6fe51cbcb1e06f0482a82329ae5ed1ae28ba567737171dd459926a4edbbf444,fresh_sha256_both_files,alimeeting_source,1639229113000000000,184,796759473,1639229113000000000,184,325063146
legacy_asr:AliMeeting/Train_Ali_far/audio_dir/R0015_M0143_MS003.wav,alimeeting_far_raw:Train_Ali_far/audio_dir/R0015_M0143_MS003.wav,472276304,e607e993f0554e57c7ba8faded1e58bd76d582986d209e6e5397fe5bbd8285a5,fresh_sha256_both_files,alimeeting_source,1639229263000000000,184,796759483,1639229263000000000,184,325063158
legacy_asr:AliMeeting/Train_Ali_far/audio_dir/R1019_M1987_MS108.wav,alimeeting_far_raw:Train_Ali_far/audio_dir/R1019_M1987_MS108.wav,472250656,044b499aaeec4349b3702a150157bd0b1abd52fdfef863a8dd7a26a8d837ffd6,fresh_sha256_both_files,alimeeting_source,1639230664000000000,184,796759540,1639230664000000000,184,325589426
legacy_asr:AliMeeting/Train_Ali_far/audio_dir/R0015_M0160_MS006.wav,alimeeting_far_raw:Train_Ali_far/audio_dir/R0015_M0160_MS006.wav,472174480,8b118330796f13fa4a0c6e8e40efb30a54e884ee5a1ebc7a69c1de976c5b35be,fresh_sha256_both_files,alimeeting_source,1639229482000000000,184,796759496,1639229482000000000,184,325589376
legacy_asr:AliMeeting/Train_Ali_far/audio_dir/R1019_M4051_MS103.wav,alimeeting_far_raw:Train_Ali_far/audio_dir/R1019_M4051_MS103.wav,471118656,af51f36dfefa8aae71cf21432b3079792693f2c383229b37c583a3a55dc9a5b1,fresh_sha256_both_files,alimeeting_source,1639231141000000000,184,796825100,1639231141000000000,184,325589481
legacy_asr:AliMeeting/Train_Ali_far/audio_dir/R0015_M0146_MS003.wav,alimeeting_far_raw:Train_Ali_far/audio_dir/R0015_M0146_MS003.wav,470868816,7e764fd603171eaeb5354818bf666f899e0ea2bebb813d24116025308c767b08,fresh_sha256_both_files,alimeeting_source,1639229312000000000,184,796759486,1639229312000000000,184,325063163
legacy_asr:AliMeeting/Train_Ali_far/audio_dir/R2108_M3243_MS209.wav,alimeeting_far_raw:Train_Ali_far/audio_dir/R2108_M3243_MS209.wav,470566960,0e535737fbc2e95f3132b8a9c18adb92bffaf32251a9dade1a7eb8deff75d397,fresh_sha256_both_files,alimeeting_source,1639230257000000000,184,796825143,1639230257000000000,184,325655245
legacy_asr:AliMeeting/Train_Ali_far/audio_dir/R0015_M0140_MS003.wav,alimeeting_far_raw:Train_Ali_far/audio_dir/R0015_M0140_MS003.wav,470496592,3137f36234625629f719769d5302a88d77f05c6bc4260c311e816de887290b1b,fresh_sha256_both_files,alimeeting_source,1639229210000000000,184,796759480,1639229210000000000,184,325063155
legacy_asr:AliMeeting/Train_Ali_far/audio_dir/R0008_M0076_MS002.wav,alimeeting_far_raw:Train_Ali_far/audio_dir/R0008_M0076_MS002.wav,469542736,96b2205d1bc558821bc58b5ec331b607dd081ea625e44da092b1859a4aa637a7,fresh_sha256_both_files,alimeeting_source,1639228347000000000,184,796759431,1639228347000000000,184,325063086
legacy_asr:AliMeeting/Train_Ali_far/audio_dir/R1019_M4011_MS108.wav,alimeeting_far_raw:Train_Ali_far/audio_dir/R1019_M4011_MS108.wav,469493504,9fa9316f383e564e232c7ccd508a168fd3d2ef56f782093343cf92f249c8ac2e,fresh_sha256_both_files,alimeeting_source,1639230837000000000,184,796759549,1639230837000000000,184,325589438
legacy_asr:AliMeeting/Train_Ali_far/audio_dir/R2108_M3230_MS209.wav,alimeeting_far_raw:Train_Ali_far/audio_dir/R2108_M3230_MS209.wav,469480016,40194989ac8e8ababc07a54824df4c49d752b147b3db25bd87823e90420c9366,fresh_sha256_both_files,alimeeting_source,1639230240000000000,184,796825142,1639230240000000000,184,325655076
legacy_asr:AliMeeting/Train_Ali_far/audio_dir/R0020_M0170_MS006.wav,alimeeting_far_raw:Train_Ali_far/audio_dir/R0020_M0170_MS006.wav,468993872,91d05b923bfdfa5e98d49e3d0d86c62b14e7a19d449cbd35ced1bc7dcfa6e620,fresh_sha256_both_files,alimeeting_source,1639229619000000000,184,796759504,1639229619000000000,184,325589385
legacy_asr:AliMeeting/Train_Ali_far/audio_dir/R1019_M4075_MS109.wav,alimeeting_far_raw:Train_Ali_far/audio_dir/R1019_M4075_MS109.wav,468266288,16c4c1aa024f9bfa7fcc1f7e43bbcd2724140de4521bedde87fb05eaf9107ef8,fresh_sha256_both_files,alimeeting_source,1639231302000000000,184,796825109,1639231302000000000,184,325589495
legacy_asr:AliMeeting/Train_Ali_far/audio_dir/R0020_M0169_MS006.wav,alimeeting_far_raw:Train_Ali_far/audio_dir/R0020_M0169_MS006.wav,467771984,aafcee646433dc8fc312dfa7942a9d645fc807a1e0c0a0dc171c089297df6cb5,fresh_sha256_both_files,alimeeting_source,1639229601000000000,184,796759503,1639229601000000000,184,325589384
legacy_asr:AliMeeting/Train_Ali_far/audio_dir/R2108_M3244_MS209.wav,alimeeting_far_raw:Train_Ali_far/audio_dir/R2108_M3244_MS209.wav,467644096,e11ef0f53edefef2e33ffcb62f9943671d428d94bafc6673bb0a34e3e909849b,fresh_sha256_both_files,alimeeting_source,1639230273000000000,184,796825144,1639230273000000000,184,325655246
legacy_asr:AliMeeting/Train_Ali_far/audio_dir/R0015_M0150_MS002.wav,alimeeting_far_raw:Train_Ali_far/audio_dir/R0015_M0150_MS002.wav,467350352,7073d99d9463be21b472b73935fbbcd2f5014ba8d45e79dc8b958504c3ed7b50,fresh_sha256_both_files,alimeeting_source,1639229381000000000,184,796759490,1639229381000000000,184,325128718
legacy_asr:AliMeeting/Train_Ali_far/audio_dir/R0020_M0175_MS006.wav,alimeeting_far_raw:Train_Ali_far/audio_dir/R0020_M0175_MS006.wav,467312064,40a36cd976f411f423a60a0cc5c14454006f6e3e1629f43fe23227433565b6d8,fresh_sha256_both_files,alimeeting_source,1639229672000000000,184,796759507,1639229672000000000,184,325589388
legacy_asr:AliMeeting/Train_Ali_far/audio_dir/R0020_M0185_MS005.wav,alimeeting_far_raw:Train_Ali_far/audio_dir/R0020_M0185_MS005.wav,467171152,a520fba3f16b9d16c5e7a14d1893d09028c5bb3360a13ddb8e33bd25160e45d1,fresh_sha256_both_files,alimeeting_source,1639229759000000000,184,796759513,1639229759000000000,184,325589394
legacy_asr:AliMeeting/Train_Ali_far/audio_dir/R0015_M0158_MS006.wav,alimeeting_far_raw:Train_Ali_far/audio_dir/R0015_M0158_MS006.wav,465564048,5fc17a60f90f4c3ebc27573cf77c7996cbd524776178d520214c05d60d562457,fresh_sha256_both_files,alimeeting_source,1639229448000000000,184,796759494,1639229448000000000,184,325589374
legacy_asr:AliMeeting/Train_Ali_far/audio_dir/R0015_M0125_MS005.wav,alimeeting_far_raw:Train_Ali_far/audio_dir/R0015_M0125_MS005.wav,464954960,b5b07a5634ae4b0879f1db4acf1bcd0a472b4e9aa801c5252adad48fa8853a49,fresh_sha256_both_files,alimeeting_source,1639229079000000000,184,796759471,1639229079000000000,184,325063144
legacy_asr:AliMeeting/Train_Ali_far/audio_dir/R2108_M3210_MS207.wav,alimeeting_far_raw:Train_Ali_far/audio_dir/R2108_M3210_MS207.wav,464478384,7b7f576109ed4a50af9918323511ce48dd36fbc6d00e940c7d8051a9e4f49771,fresh_sha256_both_files,alimeeting_source,1639230189000000000,184,796825139,1639230189000000000,184,325655072
legacy_asr:AliMeeting/Train_Ali_far/audio_dir/R0015_M0124_MS005.wav,alimeeting_far_raw:Train_Ali_far/audio_dir/R0015_M0124_MS005.wav,464454736,3a6cff6f146d9ac72c421e70f509a8dd5f47591dc314c15f88990eec6dfb08a6,fresh_sha256_both_files,alimeeting_source,1639229062000000000,184,796759470,1639229062000000000,184,325063142
legacy_asr:AliMeeting/Train_Ali_far/audio_dir/R1021_M1935_MS116.wav,alimeeting_far_raw:Train_Ali_far/audio_dir/R1021_M1935_MS116.wav,464192384,78a7bb6c4d0f02378109ab71ac252dd5e5d4cfe99bb1fda93ecc7b14a7ee9566,fresh_sha256_both_files,alimeeting_source,1639229868000000000,184,796825112,1639229868000000000,184,325589498
legacy_asr:AliMeeting/Train_Ali_far/audio_dir/R1021_M1986_MS104.wav,alimeeting_far_raw:Train_Ali_far/audio_dir/R1021_M1986_MS104.wav,463988144,ab45e04cb7808daac05e5e11028068e6929ce29f5084256e957d9d6532dad1e0,fresh_sha256_both_files,alimeeting_source,1639231368000000000,184,796825120,1639231368000000000,184,325655043
legacy_asr:AliMeeting/Train_Ali_far/audio_dir/R1019_M1950_MS107.wav,alimeeting_far_raw:Train_Ali_far/audio_dir/R1019_M1950_MS107.wav,463813616,7a7f700b7f4874422d19d586c728a70720d1a88dfc0954e93286b406ace15f60,fresh_sha256_both_files,alimeeting_source,1639230398000000000,184,796759525,1639230398000000000,184,325589411
legacy_asr:AliMeeting/Train_Ali_far/audio_dir/R1021_M1942_MS115.wav,alimeeting_far_raw:Train_Ali_far/audio_dir/R1021_M1942_MS115.wav,461286032,7d4caa25297264d5cc47abb5f1ce93272a04423924602ef31a461bd2b2fce98d,fresh_sha256_both_files,alimeeting_source,1639229918000000000,184,796825115,1639229918000000000,184,325589502
legacy_asr:AliMeeting/Train_Ali_far/audio_dir/R1021_M4078_MS104.wav,alimeeting_far_raw:Train_Ali_far/audio_dir/R1021_M4078_MS104.wav,461234400,366f5479213030d62e403d42e3f99a3cc33baff579fe9a590337a8940a733398,fresh_sha256_both_files,alimeeting_source,1639231452000000000,184,796825126,1639231452000000000,184,325655052
legacy_asr:AliMeeting/Train_Ali_far/audio_dir/R0015_M0161_MS006.wav,alimeeting_far_raw:Train_Ali_far/audio_dir/R0015_M0161_MS006.wav,460841008,843233d9087c620188d3e8395e145104a9edcf1f3604e545245b51f4b6fd1580,fresh_sha256_both_files,alimeeting_source,1639229498000000000,184,796759497,1639229498000000000,184,325589377
legacy_asr:AliMeeting/Train_Ali_far/audio_dir/R1021_M1938_MS116.wav,alimeeting_far_raw:Train_Ali_far/audio_dir/R1021_M1938_MS116.wav,460800080,34f706fd8ff2062fed95faf2226f547789d27981316d95243fd1a3777766cce1,fresh_sha256_both_files,alimeeting_source,1639229884000000000,184,796825113,1639229884000000000,184,325589500
legacy_asr:AliMeeting/Train_Ali_far/audio_dir/R1019_M1928_MS110.wav,alimeeting_far_raw:Train_Ali_far/audio_dir/R1019_M1928_MS110.wav,460348112,36dd99be3616779fc7274ca68477d447faf1168e98c42dcf5652cf4706dcff82,fresh_sha256_both_files,alimeeting_source,1639230290000000000,184,796759519,1639230290000000000,184,325589403
legacy_asr:AliMeeting/Train_Ali_far/audio_dir/R0015_M0123_MS005.wav,alimeeting_far_raw:Train_Ali_far/audio_dir/R0015_M0123_MS005.wav,459232592,0a9db7b97955f0e837da0a62285059a7bca375d8a6fd75610480bfa904a342cb,fresh_sha256_both_files,alimeeting_source,1639229046000000000,184,796759469,1639229046000000000,184,325063136
legacy_asr:AliMeeting/Train_Ali_far/audio_dir/R0015_M0159_MS006.wav,alimeeting_far_raw:Train_Ali_far/audio_dir/R0015_M0159_MS006.wav,459206736,1d02e3e75e682f506a0c7d0f59323c3c0ad57095ecbd7382b5769fc0e54e336e,fresh_sha256_both_files,alimeeting_source,1639229465000000000,184,796759495,1639229465000000000,184,325589375
legacy_asr:AliMeeting/Train_Ali_far/audio_dir/R2108_M3206_MS206.wav,alimeeting_far_raw:Train_Ali_far/audio_dir/R2108_M3206_MS206.wav,459206528,7988d2075a1bf5dd376a52c2c285eff4567f3259af48e68e1f9b0c8aee29db0e,fresh_sha256_both_files,alimeeting_source,1639230172000000000,184,796825138,1639230172000000000,184,325655071
legacy_asr:AliMeeting/Train_Ali_far/audio_dir/R1019_M1960_MS108.wav,alimeeting_far_raw:Train_Ali_far/audio_dir/R1019_M1960_MS108.wav,458978032,90730b44bbe580250df77621b7894b67c986eef5cc2b2fedb911380e586c7571,fresh_sha256_both_files,alimeeting_source,1639230468000000000,184,796759529,1639230468000000000,184,325589415
legacy_asr:AliMeeting/Train_Ali_far/audio_dir/R0015_M0119_MS005.wav,alimeeting_far_raw:Train_Ali_far/audio_dir/R0015_M0119_MS005.wav,458469456,16be622b7c51cceaf55b38dac187f4dabb45baf18d65e8b84826b650df9c50fb,fresh_sha256_both_files,alimeeting_source,1639228976000000000,184,796759465,1639228976000000000,184,325063127
legacy_asr:AliMeeting/Train_Ali_far/audio_dir/R1021_M4082_MS105.wav,alimeeting_far_raw:Train_Ali_far/audio_dir/R1021_M4082_MS105.wav,457464224,bfc6b42579c3a6e2327476ffa9ecf458bc7e24ea5de034abc112a174b3454947,fresh_sha256_both_files,alimeeting_source,1639231484000000000,184,796825128,1639231484000000000,184,325655054
legacy_asr:AliMeeting/Train_Ali_far/audio_dir/R0015_M0141_MS003.wav,alimeeting_far_raw:Train_Ali_far/audio_dir/R0015_M0141_MS003.wav,456619600,fa088f4eb4117fb9d326226a020390bee32dcf5ec9d5ffd035bda0a98f061fee,fresh_sha256_both_files,alimeeting_source,1639229227000000000,184,796759481,1639229227000000000,184,325063156
legacy_asr:AliMeeting/Train_Ali_far/audio_dir/R0015_M0145_MS003.wav,alimeeting_far_raw:Train_Ali_far/audio_dir/R0015_M0145_MS003.wav,456104560,d7fb203390e0ad1f8943554b4eabd57b176a42767c406a9b96dd2ceb80fa7a78,fresh_sha256_both_files,alimeeting_source,1639229295000000000,184,796759485,1639229295000000000,184,325063160
legacy_asr:AliMeeting/Train_Ali_far/audio_dir/R2108_M3200_MS206.wav,alimeeting_far_raw:Train_Ali_far/audio_dir/R2108_M3200_MS206.wav,456001344,bbdc954bb650efa6a4038bfc5ab21e1a79cababc0a48855f75616665fb8c972a,fresh_sha256_both_files,alimeeting_source,1639230155000000000,184,796825137,1639230155000000000,184,325655070
legacy_asr:AliMeeting/Train_Ali_far/audio_dir/R1021_M4083_MS105.wav,alimeeting_far_raw:Train_Ali_far/audio_dir/R1021_M4083_MS105.wav,455636832,97497d8a81772cef5a9a5daa381403120e92cc98cff50d5e77ad184a077a292a,fresh_sha256_both_files,alimeeting_source,1639231500000000000,184,796825129,1639231500000000000,184,325655056
legacy_asr:AliMeeting/Train_Ali_far/audio_dir/R1021_M4032_MS101.wav,alimeeting_far_raw:Train_Ali_far/audio_dir/R1021_M4032_MS101.wav,455228240,a9480ef131aea458fc5901613c5129b3591bd61f408c002f6d90d119701322f8,fresh_sha256_both_files,alimeeting_source,1639231403000000000,184,796825123,1639231403000000000,184,325655047
legacy_asr:AliMeeting/Train_Ali_far/audio_dir/R0015_M0117_MS005.wav,alimeeting_far_raw:Train_Ali_far/audio_dir/R0015_M0117_MS005.wav,454989136,dbe077cab12af402d34780053ebe158eddf53a56b82f6298c8ee4f7619b4d739,fresh_sha256_both_files,alimeeting_source,1639228942000000000,184,796759463,1639228942000000000,184,325063125
legacy_asr:AliMeeting/Train_Ali_far/audio_dir/R1021_M4080_MS105.wav,alimeeting_far_raw:Train_Ali_far/audio_dir/R1021_M4080_MS105.wav,454963280,ddbe4bce6b1f066da7a80d774d860e46f6c7e88a3a869518ceeb18bbaec091dd,fresh_sha256_both_files,alimeeting_source,1639231468000000000,184,796825127,1639231468000000000,184,325655053
legacy_asr:AliMeeting/Train_Ali_far/audio_dir/R1021_M4073_MS104.wav,alimeeting_far_raw:Train_Ali_far/audio_dir/R1021_M4073_MS104.wav,454823072,fef372804a5c2c0eadaf8b733b34ee4640981515d5e904d2960b9facbbbd81de,fresh_sha256_both_files,alimeeting_source,1639231436000000000,184,796825125,1639231436000000000,184,325655051
legacy_asr:AliMeeting/Train_Ali_far/audio_dir/R1021_M1940_MS116.wav,alimeeting_far_raw:Train_Ali_far/audio_dir/R1021_M1940_MS116.wav,453272704,351cda1d727c3ab54aed50d429a3bb4ea723960e470eac3f06d43b375648a7c4,fresh_sha256_both_files,alimeeting_source,1639229900000000000,184,796825114,1639229900000000000,184,325589501
legacy_asr:AliMeeting/Train_Ali_far/audio_dir/R0015_M0134_MS004.wav,alimeeting_far_raw:Train_Ali_far/audio_dir/R0015_M0134_MS004.wav,452692560,e8c71a9040184a65b4b58c5dae33049ae829597cf836ac02576f93a523c49295,fresh_sha256_both_files,alimeeting_source,1639229155000000000,184,796759476,1639229155000000000,184,325063149
legacy_asr:AliMeeting/Train_Ali_far/audio_dir/R1021_M1932_MS101.wav,alimeeting_far_raw:Train_Ali_far/audio_dir/R1021_M1932_MS101.wav,451117936,18334580aea5701ab48234be5497719f0786ea3fb37440cc0bbfca90213a6cec,fresh_sha256_both_files,alimeeting_source,1639231334000000000,184,796825110,1639231334000000000,184,325589496
legacy_asr:AliMeeting/Train_Ali_far/audio_dir/R1021_M1944_MS115.wav,alimeeting_far_raw:Train_Ali_far/audio_dir/R1021_M1944_MS115.wav,449822944,80a848d36e561dd8e8d691744ac57cd20d941941f7625a04a644e69dea14af14,fresh_sha256_both_files,alimeeting_source,1639229934000000000,184,796825116,1639229934000000000,184,325589503
legacy_asr:AliMeeting/Train_Ali_far/audio_dir/R0015_M0138_MS004.wav,alimeeting_far_raw:Train_Ali_far/audio_dir/R0015_M0138_MS004.wav,448288080,0399386e40b15ed043a10a7738dcb88b02c6228497efc8ff7845d8a693ee282e,fresh_sha256_both_files,alimeeting_source,1639229179000000000,184,796759478,1639229179000000000,184,325063152
legacy_asr:AliMeeting/Train_Ali_far/audio_dir/R0015_M0120_MS005.wav,alimeeting_far_raw:Train_Ali_far/audio_dir/R0015_M0120_MS005.wav,447712336,d335b7709847d2b42a933b2e4d17b6c9df472125a9815df0184bffa6f10c2c7f,fresh_sha256_both_files,alimeeting_source,1639228993000000000,184,796759466,1639228993000000000,184,325063128
legacy_asr:AliMeeting/Train_Ali_far/audio_dir/R0015_M0144_MS003.wav,alimeeting_far_raw:Train_Ali_far/audio_dir/R0015_M0144_MS003.wav,439323728,6189543bb74fbb9c8b3c717fbc57bd6b8a668ceeded94b08ec10d043f82b0cd5,fresh_sha256_both_files,alimeeting_source,1639229279000000000,184,796759484,1639229279000000000,184,325063159
legacy_asr:AliMeeting/Train_Ali_far/audio_dir/R0004_M0018_MS002.wav,alimeeting_far_raw:Train_Ali_far/audio_dir/R0004_M0018_MS002.wav,438330704,23471309753f58de361201f692495f0885e97203e7a94e4cb4716132533b4118,fresh_sha256_both_files,alimeeting_source,1639227846000000000,184,796759404,1639227846000000000,184,324799961
legacy_asr:AliMeeting/Train_Ali_far/audio_dir/R1019_M1946_MS101.wav,alimeeting_far_raw:Train_Ali_far/audio_dir/R1019_M1946_MS101.wav,437261408,f79b75b55c29a9c6871ad788b24b2d164b1551cd339ad80f2045e3cfc7c350bb,fresh_sha256_both_files,alimeeting_source,1639230342000000000,184,796759522,1639230342000000000,184,325589407
legacy_asr:AliMeeting/Train_Ali_far/audio_dir/R0014_M0110_MS003.wav,alimeeting_far_raw:Train_Ali_far/audio_dir/R0014_M0110_MS003.wav,434585680,f5fc599e947a0bba64507d720406787b334a879c71baaf17f18a33e88ef1afc7,fresh_sha256_both_files,alimeeting_source,1639228854000000000,184,796759458,1639228854000000000,184,325063119
legacy_asr:AliMeeting/Eval_Ali/Eval_Ali_far/audio_dir/R8009_M8018_MS809.wav,alimeeting_far_raw:Eval_Ali_far/audio_dir/R8009_M8018_MS809.wav,423592272,6534df2cdc7e208c043ef823befaf4cb9b80164fad577915ff7b9eef9ba22e70,fresh_sha256_both_files,alimeeting_source,1639226976000000000,184,796759334,1639226976000000000,184,727174572
legacy_asr:AliMeeting/Eval_Ali/Eval_Ali_far/audio_dir/R8001_M8004_MS801.wav,alimeeting_far_raw:Eval_Ali_far/audio_dir/R8001_M8004_MS801.wav,402905680,f5a719e6b9d9d69b3f00d0447922c09e71320724afeefd3070d25a64b7f1dcf1,fresh_sha256_both_files,alimeeting_source,1639226889000000000,184,796759361,1639226889000000000,184,727174567
legacy_asr:AliMeeting/Train_Ali_far/audio_dir/R1021_M1947_MS116.wav,alimeeting_far_raw:Train_Ali_far/audio_dir/R1021_M1947_MS116.wav,402361072,f79f81adc9d43c533b09d77339a3a008fe9e8ef0f349555605ed67843c72977c,fresh_sha256_both_files,alimeeting_source,1639229949000000000,184,796825117,1639229949000000000,184,325655040
legacy_asr:AliMeeting/Train_Ali_far/audio_dir/R0015_M0139_MS004.wav,alimeeting_far_raw:Train_Ali_far/audio_dir/R0015_M0139_MS004.wav,372625680,c7dab420c956e14f88d65166a132d5d678d200f63f72db5a7174d151c657f142,fresh_sha256_both_files,alimeeting_source,1639229193000000000,184,796759479,1639229193000000000,184,325063154
legacy_asr:AliMeeting/Train_Ali_far/audio_dir/R0015_M0133_MS004.wav,alimeeting_far_raw:Train_Ali_far/audio_dir/R0015_M0133_MS004.wav,265155920,2c0279eea895bc6f907c3de8d8871751840215bc27074562f4271b04d4392704,fresh_sha256_both_files,alimeeting_source,1639229140000000000,184,796759475,1639229140000000000,184,325063148
legacy_asr:AliMeeting/Train_Ali_far/audio_dir/R0020_M0179_MS005.wav,alimeeting_far_raw:Train_Ali_far/audio_dir/R0020_M0179_MS005.wav,254714960,78e530ee19b1165c9fed8af67625309e38fabe17a3e571acf7623d5f6c4368e1,fresh_sha256_both_files,alimeeting_source,1639229708000000000,184,796759510,1639229708000000000,184,325589391
legacy_asr:AliMeeting/Train_Ali_far/audio_dir/R0020_M0176_MS006.wav,alimeeting_far_raw:Train_Ali_far/audio_dir/R0020_M0176_MS006.wav,250186128,03cbfda36a282572f825126e7da868cf5d3a6567d3c254649c9740d6636f71b3,fresh_sha256_both_files,alimeeting_source,1639229681000000000,184,796759508,1639229681000000000,184,325589389
legacy_asr:AliMeeting/Train_Ali_far/audio_dir/R0015_M0135_MS004.wav,alimeeting_far_raw:Train_Ali_far/audio_dir/R0015_M0135_MS004.wav,212651088,abfa39f77eee429155692eb10817f823bf4b33b31f3df44190d93a2d8df75321,fresh_sha256_both_files,alimeeting_source,1639229163000000000,184,796759477,1639229163000000000,184,325063150
legacy_asr:LHOTSE/common_voice_en/data/manifests/cv-en_recordings_train.jsonl.gz,legacy_asr:common_voice_en/lhotse/hotwords/cv-en_recordings_train.jsonl.gz,13978646,a10e381f558cb449bd47a3a51c9906ad1603e5dea233bad17b5ebba055f2abaf,fresh_sha256_both_files,direct_artifact,1770867429353896519,184,668052875,1776841948665156176,184,672255302
legacy_asr:LHOTSE/MAGICDATA/data/manifests/magicdata_recordings_train.jsonl.gz,legacy_asr:MAGICDATA/lhotse/hotwords/magicdata_recordings_train.jsonl.gz,6201916,e1e67c1dc78b2c432eba3f10420be10ed4c3eb870fcd6bd9ed5a5b84192ce2f5,fresh_sha256_both_files,direct_artifact,1770570158570521289,184,19831597,1775563294451695035,184,607960615
legacy_asr:RealMAN/dataset_info/scene_images/BasketballCourt1.jpg,legacy_asr:RealMAN/dataset_info/scene_images/BasketballCourt2.jpg,3064403,bac673bf666faf1f8c2ff5488ad48a97735b3a63acc08c128229e10eef404ca1,fresh_sha256_both_files,direct_artifact,1788794970274129291,184,822687296,1788794973285942432,184,822687282
legacy_asr:LHOTSE/aidatatang/data/manifests/zhaidatatang_recordings_all.jsonl.gz,legacy_asr:zhvoice/lhotse/hotwords/zhaidatatang_recordings_all.jsonl.gz,2193194,b64559f30c314c8ba230d7ab87ce077ba45dbebcccaa4245c3c011079017b350,fresh_sha256_both_files,direct_artifact,1770795437017922432,184,307180597,1776762386369509598,184,663285672
legacy_asr:LHOTSE/data_aishell/data/manifests/aishell_recordings_train.jsonl.gz,legacy_asr:data_aishell/lhotse/hotwords/aishell_recordings_train.jsonl.gz,1681419,9514635eabfe2beb1284a94af0ea89554d1d8eeabe7edbaf6ee866a2094ee7a4,fresh_sha256_both_files,direct_artifact,1770476939122196316,184,582909741,1775564110617720426,184,271657129
legacy_asr:LHOTSE/data_aishell3/data/manifests/aishell3_recordings_train.jsonl.gz,legacy_asr:data_aishell3/lhotse/hotwords/aishell3_recordings_train.jsonl.gz,1008219,5e4a10607bd9f66629789f802a163165ead0e9aa63b8cebd98b488ee1ad1ab69,fresh_sha256_both_files,direct_artifact,1770526010926456881,184,551644022,1781171443456510348,184,427543654
legacy_asr:LHOTSE/data_aishell3/data/manifests/aishell3_recordings_test.jsonl.gz,legacy_asr:data_aishell3/lhotse/hotwords/aishell3_recordings_test.jsonl.gz,390257,7e4139995bdddab3b4f480591f63a26905110fc14d3f2d24710a10dd74c28142,fresh_sha256_both_files,direct_artifact,1770525549935237791,184,551644020,1781171443442192000,184,427543651
legacy_asr:LHOTSE/common_voice_zh/data/manifests/cv-zh-CN_recordings_train.jsonl.gz,legacy_asr:common_voice_zh/lhotse/hotwords/cv-zh-CN_recordings_train.jsonl.gz,387101,016fd95a6da7847bdb8efa5b6bb53ac818786610135e2ae9635ef5ec25ef28e4,fresh_sha256_both_files,direct_artifact,1770782994523294993,184,558079072,1782188152498230650,184,726305206
legacy_asr:LHOTSE/KeSpeech/data/manifests/kespeech-asr_recordings_test.jsonl.gz,legacy_asr:KeSpeech/lhotse/hotwords/kespeech-asr_recordings_test.jsonl.gz,372549,4a0f022bf64c185a93f2c7078ece35a9a3c3d5944771bd2b6d9548de62c0c904,fresh_sha256_both_files,direct_artifact,1770564600172397453,184,691779308,1777012039575972000,184,229133219
legacy_asr:LHOTSE/common_voice_en/data/manifests/cv-en_recordings_test.jsonl.gz,legacy_asr:common_voice_en/lhotse/hotwords/cv-en_recordings_test.jsonl.gz,272888,73db27282ffd4379844deedcfa75bdf609ca4acfa6a62c67e3ab0f4fff3ada95,fresh_sha256_both_files,direct_artifact,1770867455002850305,184,668052879,1775637045137624000,184,129011129
legacy_asr:AliMeeting/Train_Ali_far/textgrid_dir/R0014_M0098.TextGrid,alimeeting_far_raw:Train_Ali_far/textgrid_dir/R0014_M0098.TextGrid,151684,29bd0002c0f7b132c9bc8dbc8a7656ce4a9671320b393e19dcf00439d976010a,fresh_sha256_both_files,alimeeting_source,1639223382000000000,184,796825193,1639223382000000000,184,672893894
legacy_asr:LHOTSE/common_voice_zh/data/manifests/cv-zh-CN_recordings_test.jsonl.gz,legacy_asr:common_voice_zh/lhotse/hotwords/cv-zh-CN_recordings_test.jsonl.gz,147745,8d22e7b328a4392ee41adf04f2f91b3ea81ccdd03942e08edfe8c1a820e8e129,fresh_sha256_both_files,direct_artifact,1770783010313286674,184,558079069,1774111727038694000,184,680305036
legacy_asr:AliMeeting/Train_Ali_far/textgrid_dir/R0015_M0153.TextGrid,alimeeting_far_raw:Train_Ali_far/textgrid_dir/R0015_M0153.TextGrid,147042,3474d63f12a92e731b76262b4a3a8f7f5ad4db4a401ca1cb14e532e2073ebb34,fresh_sha256_both_files,alimeeting_source,1639223385000000000,184,796825238,1639223385000000000,184,672893939
legacy_asr:AliMeeting/Train_Ali_far/textgrid_dir/R0020_M0172.TextGrid,alimeeting_far_raw:Train_Ali_far/textgrid_dir/R0020_M0172.TextGrid,146848,32560ac987332fb94d82e89dd3360a35616d2c292224feb0795142af56803ce0,fresh_sha256_both_files,alimeeting_source,1639223385000000000,184,796825251,1639223385000000000,184,672959488
legacy_asr:AliMeeting/Train_Ali_far/textgrid_dir/R0014_M0094.TextGrid,alimeeting_far_raw:Train_Ali_far/textgrid_dir/R0014_M0094.TextGrid,144931,72f3791f8fc1e1e7ffac5ffa70d6b4c4553a0fdbdc7ff9ca8b92166447e66bbd,fresh_sha256_both_files,alimeeting_source,1639223381000000000,184,796825191,1639223381000000000,184,672893892
legacy_asr:AliMeeting/Train_Ali_far/textgrid_dir/R0014_M0093.TextGrid,alimeeting_far_raw:Train_Ali_far/textgrid_dir/R0014_M0093.TextGrid,144610,d540b56c5f323953d4d2a29dd647b2ab398a88e7b06970d661cf31c28b0b8460,fresh_sha256_both_files,alimeeting_source,1639223381000000000,184,796825190,1639223381000000000,184,672893891
legacy_asr:AliMeeting/Train_Ali_far/textgrid_dir/R0015_M0152.TextGrid,alimeeting_far_raw:Train_Ali_far/textgrid_dir/R0015_M0152.TextGrid,139780,5538b927d8f449473944e211b8e562deec2a2fe2500f5713788bd7c0cafe92d4,fresh_sha256_both_files,alimeeting_source,1639223385000000000,184,796825237,1639223385000000000,184,672893938
legacy_asr:AliMeeting/Train_Ali_far/textgrid_dir/R0020_M0171.TextGrid,alimeeting_far_raw:Train_Ali_far/textgrid_dir/R0020_M0171.TextGrid,138334,a3ee6e3e51858b500641e13d47d0e3b33273b80cc4d1e515a24f8f0d2c1cc3f5,fresh_sha256_both_files,alimeeting_source,1639223385000000000,184,796825250,1639223385000000000,184,672893951
legacy_asr:AliMeeting/Train_Ali_far/textgrid_dir/R0014_M0090.TextGrid,alimeeting_far_raw:Train_Ali_far/textgrid_dir/R0014_M0090.TextGrid,136632,1119df35184d99838775f2f55c50b5a67d8ec4c06231684b9fbdd203558efa32,fresh_sha256_both_files,alimeeting_source,1639223381000000000,184,796825187,1639223381000000000,184,672893888
legacy_asr:AliMeeting/Train_Ali_far/textgrid_dir/R0014_M0100.TextGrid,alimeeting_far_raw:Train_Ali_far/textgrid_dir/R0014_M0100.TextGrid,134965,a1551535e3dfcfb70918c1ba8980dcc282110863088c8cae468a36def8c68308,fresh_sha256_both_files,alimeeting_source,1639223382000000000,184,796825195,1639223382000000000,184,672893896
legacy_asr:AliMeeting/Train_Ali_far/textgrid_dir/R0015_M0143.TextGrid,alimeeting_far_raw:Train_Ali_far/textgrid_dir/R0015_M0143.TextGrid,133483,7b188827dea13861202db8f68fddf7f41ce9f6c7b8eadaaba930714aa907ac84,fresh_sha256_both_files,alimeeting_source,1639223384000000000,184,796825228,1639223384000000000,184,672893929
legacy_asr:AliMeeting/Train_Ali_far/textgrid_dir/R0015_M0116.TextGrid,alimeeting_far_raw:Train_Ali_far/textgrid_dir/R0015_M0116.TextGrid,133235,d7cfa18e44b6abf2686c726543ad19c955507a699ecadbdfbaa4d3e2803e2d61,fresh_sha256_both_files,alimeeting_source,1639223383000000000,184,796825207,1639223383000000000,184,672893908
legacy_asr:AliMeeting/Train_Ali_far/textgrid_dir/R0020_M0190.TextGrid,alimeeting_far_raw:Train_Ali_far/textgrid_dir/R0020_M0190.TextGrid,133146,17c973d7b76eba2e2f9779c4cbceed847a67306d04fc209105afa619c78be80b,fresh_sha256_both_files,alimeeting_source,1639223386000000000,184,796825260,1639223386000000000,184,672959497
legacy_asr:AliMeeting/Train_Ali_far/textgrid_dir/R0008_M0075.TextGrid,alimeeting_far_raw:Train_Ali_far/textgrid_dir/R0008_M0075.TextGrid,130486,8b74ee3ae62f1d679a6d9512cd8a8ae1f6cd44cf27add2ceb82c074918effe7f,fresh_sha256_both_files,alimeeting_source,1639223380000000000,184,796825175,1639223380000000000,184,672893876
legacy_asr:LHOTSE/data_thchs30/data/manifests/thchs_30_recordings_train.jsonl.gz,legacy_asr:data_thchs30/lhotse/hotwords/thchs_30_recordings_train.jsonl.gz,129905,ddbab94563be0aaebb0027e6f0d1d325ca3df619e88030f63af47ddfb891fc4c,fresh_sha256_both_files,direct_artifact,1770527212930907296,184,646978810,1776762780413929000,184,234815950
legacy_asr:AliMeeting/Eval_Ali/Eval_Ali_far/textgrid_dir/R8007_M8010.TextGrid,alimeeting_far_raw:Eval_Ali_far/textgrid_dir/R8007_M8010.TextGrid,129859,0ab9ae505fd81a283e645ce9896610c57e34e747e5551144f98f0cbac0604e44,fresh_sha256_both_files,alimeeting_source,1639223588000000000,184,796973829,1639223588000000000,184,268633827
legacy_asr:AliMeeting/Train_Ali_far/textgrid_dir/R0015_M0125.TextGrid,alimeeting_far_raw:Train_Ali_far/textgrid_dir/R0015_M0125.TextGrid,129194,3a7de3d1eac33b700f699ba25dcbdc918dec6f496021692f990dcf68ec474fd7,fresh_sha256_both_files,alimeeting_source,1639223383000000000,184,796825216,1639223383000000000,184,672893917
legacy_asr:AliMeeting/Train_Ali_far/textgrid_dir/R0014_M0091.TextGrid,alimeeting_far_raw:Train_Ali_far/textgrid_dir/R0014_M0091.TextGrid,129180,ac4765b4acc8cd4d5fbab6ebef4dc5520827e008353aa8db38f9ee4898f55348,fresh_sha256_both_files,alimeeting_source,1639223381000000000,184,796825188,1639223381000000000,184,672893889
legacy_asr:AliMeeting/Train_Ali_far/textgrid_dir/R0015_M0115.TextGrid,alimeeting_far_raw:Train_Ali_far/textgrid_dir/R0015_M0115.TextGrid,129118,c8f085bde883e4aa8a099786f17d43a291ab9152455ceafb73143a6c0d7d5af0,fresh_sha256_both_files,alimeeting_source,1639223382000000000,184,796825206,1639223382000000000,184,672893907
legacy_asr:AliMeeting/Train_Ali_far/textgrid_dir/R0014_M0089.TextGrid,alimeeting_far_raw:Train_Ali_far/textgrid_dir/R0014_M0089.TextGrid,128888,a9a4262a1ebcfa907c708d942f470031673b48427d3e1e13a1d00283471d71fa,fresh_sha256_both_files,alimeeting_source,1639223381000000000,184,796825186,1639223381000000000,184,672893887
legacy_asr:AliMeeting/Train_Ali_far/textgrid_dir/R0003_M0047.TextGrid,alimeeting_far_raw:Train_Ali_far/textgrid_dir/R0003_M0047.TextGrid,128174,65cc02e0935b0f5272b6c03e6fb6cd95845ba927ae3ad1a1ce817d864ea3d265,fresh_sha256_both_files,alimeeting_source,1639223379000000000,184,796825146,1639223379000000000,184,672893847
legacy_asr:AliMeeting/Train_Ali_far/textgrid_dir/R0014_M0087.TextGrid,alimeeting_far_raw:Train_Ali_far/textgrid_dir/R0014_M0087.TextGrid,128043,c5fa1cb47227b57a2722efefb9b58447c449502d0efeffc765440154da24d67a,fresh_sha256_both_files,alimeeting_source,1639223381000000000,184,796825185,1639223381000000000,184,672893886
legacy_asr:AliMeeting/Train_Ali_far/textgrid_dir/R0015_M0121.TextGrid,alimeeting_far_raw:Train_Ali_far/textgrid_dir/R0015_M0121.TextGrid,127710,385428d1c98e4a760f0c9f9e2cbe811324e3442a6b3a2a217ef5671ab5526238,fresh_sha256_both_files,alimeeting_source,1639223383000000000,184,796825212,1639223383000000000,184,672893913
legacy_asr:AliMeeting/Train_Ali_far/textgrid_dir/R0014_M0109.TextGrid,alimeeting_far_raw:Train_Ali_far/textgrid_dir/R0014_M0109.TextGrid,127358,2d10586281190cff808f548ca5d4806eb42006a68c2c824e760b2a04cab098c2,fresh_sha256_both_files,alimeeting_source,1639223382000000000,184,796825202,1639223382000000000,184,672893903
legacy_asr:AliMeeting/Train_Ali_far/textgrid_dir/R0015_M0126.TextGrid,alimeeting_far_raw:Train_Ali_far/textgrid_dir/R0015_M0126.TextGrid,126681,ed8a7e6f840fac91251666315b1ab31f8e44e89dc057e1a7d0a7f9c43446943c,fresh_sha256_both_files,alimeeting_source,1639223383000000000,184,796825217,1639223383000000000,184,672893918
legacy_asr:AliMeeting/Train_Ali_far/textgrid_dir/R0014_M0097.TextGrid,alimeeting_far_raw:Train_Ali_far/textgrid_dir/R0014_M0097.TextGrid,126312,0432711952906319dbdf9037c13fbbf5cfec42f9c24651bbcf81f3f8ff10cf4a,fresh_sha256_both_files,alimeeting_source,1639223382000000000,184,796825192,1639223382000000000,184,672893893
legacy_asr:AliMeeting/Train_Ali_far/textgrid_dir/R0008_M0069.TextGrid,alimeeting_far_raw:Train_Ali_far/textgrid_dir/R0008_M0069.TextGrid,126001,73b4c98a58562dbc43571129b73d7f170d387c48b96a1409009260bfea6a704f,fresh_sha256_both_files,alimeeting_source,1639223380000000000,184,796825169,1639223380000000000,184,672893870
legacy_asr:AliMeeting/Train_Ali_far/textgrid_dir/R1019_M4056.TextGrid,alimeeting_far_raw:Train_Ali_far/textgrid_dir/R1019_M4056.TextGrid,125745,a21170a63f9e588b3a92f02548549d9d8ebca67cb97bcf9011947a657bc8344b,fresh_sha256_both_files,alimeeting_source,1639223389000000000,184,796825311,1639223389000000000,184,672959549
legacy_asr:AliMeeting/Train_Ali_far/textgrid_dir/R0008_M0070.TextGrid,alimeeting_far_raw:Train_Ali_far/textgrid_dir/R0008_M0070.TextGrid,124821,2bd3a531aa2a022b6bfc7fb7b16f78b8f703373e03796d3f4b7df6ac4c7138db,fresh_sha256_both_files,alimeeting_source,1639223380000000000,184,796825170,1639223380000000000,184,672893871
legacy_asr:AliMeeting/Train_Ali_far/textgrid_dir/R0020_M0186.TextGrid,alimeeting_far_raw:Train_Ali_far/textgrid_dir/R0020_M0186.TextGrid,124540,bf88142dea37907192d500a64b8e2fd2d0150b639712e1b6b4871f4d481ffe62,fresh_sha256_both_files,alimeeting_source,1639223386000000000,184,796825259,1639223386000000000,184,672959496
legacy_asr:AliMeeting/Train_Ali_far/textgrid_dir/R0014_M0092.TextGrid,alimeeting_far_raw:Train_Ali_far/textgrid_dir/R0014_M0092.TextGrid,123767,98f472a44189dbe684e966344782b9bbce8b1ae2c33b326ef7ffbc7f13a88dfd,fresh_sha256_both_files,alimeeting_source,1639223381000000000,184,796825189,1639223381000000000,184,672893890
legacy_asr:AliMeeting/Train_Ali_far/textgrid_dir/R0015_M0149.TextGrid,alimeeting_far_raw:Train_Ali_far/textgrid_dir/R0015_M0149.TextGrid,123556,07b436c5195d52abec17d23398799cf413d533d2713233bc6fb6c6d39dfe311a,fresh_sha256_both_files,alimeeting_source,1639223384000000000,184,796825234,1639223384000000000,184,672893935
legacy_asr:AliMeeting/Train_Ali_far/textgrid_dir/R0020_M0183.TextGrid,alimeeting_far_raw:Train_Ali_far/textgrid_dir/R0020_M0183.TextGrid,123474,7e23587d144436ae0d2fa9c677cbc055440ef0e96ba0f409d30102bbc96ff758,fresh_sha256_both_files,alimeeting_source,1639223386000000000,184,796825256,1639223386000000000,184,672959493
legacy_asr:AliMeeting/Train_Ali_far/textgrid_dir/R0020_M0191.TextGrid,alimeeting_far_raw:Train_Ali_far/textgrid_dir/R0020_M0191.TextGrid,122643,77245d5a802bcf3e401ed052f190912100d8d29b39bd88289c24a21ffccdc1f3,fresh_sha256_both_files,alimeeting_source,1639223386000000000,184,796825261,1639223386000000000,184,672959498
legacy_asr:AliMeeting/Train_Ali_far/textgrid_dir/R0014_M0086.TextGrid,alimeeting_far_raw:Train_Ali_far/textgrid_dir/R0014_M0086.TextGrid,121796,92ca3a943074b44dc6574b5a7d079bab007b3f1cd41e8ff5ec3c8f72667ece72,fresh_sha256_both_files,alimeeting_source,1639223381000000000,184,796825184,1639223381000000000,184,672893885
legacy_asr:AliMeeting/Train_Ali_far/textgrid_dir/R0015_M0122.TextGrid,alimeeting_far_raw:Train_Ali_far/textgrid_dir/R0015_M0122.TextGrid,121733,22f059a26ce9ebccf3fb87509565df72de87d04fc3380e59318de7abe00973fa,fresh_sha256_both_files,alimeeting_source,1639223383000000000,184,796825213,1639223383000000000,184,672893914
legacy_asr:AliMeeting/Train_Ali_far/textgrid_dir/R0014_M0108.TextGrid,alimeeting_far_raw:Train_Ali_far/textgrid_dir/R0014_M0108.TextGrid,121402,277bc543ac80a9dbb2e6e512d18197f4c5c19098ef3d3e6c1f0e963a8f750afb,fresh_sha256_both_files,alimeeting_source,1639223382000000000,184,796825201,1639223382000000000,184,672893902
legacy_asr:AliMeeting/Train_Ali_far/textgrid_dir/R0014_M0110.TextGrid,alimeeting_far_raw:Train_Ali_far/textgrid_dir/R0014_M0110.TextGrid,120889,514e977c94453abd8949cde3f8247f9882d7917e44cebacabcc2c08afb37ac68,fresh_sha256_both_files,alimeeting_source,1639223382000000000,184,796825203,1639223382000000000,184,672893904
legacy_asr:AliMeeting/Train_Ali_far/textgrid_dir/R0015_M0123.TextGrid,alimeeting_far_raw:Train_Ali_far/textgrid_dir/R0015_M0123.TextGrid,120629,45fe09e5328855fd1b064a9985b3c53b61eddc2fb7f9f61997094599174921fc,fresh_sha256_both_files,alimeeting_source,1639223383000000000,184,796825214,1639223383000000000,184,672893915
legacy_asr:AliMeeting/Train_Ali_far/textgrid_dir/R0014_M0107.TextGrid,alimeeting_far_raw:Train_Ali_far/textgrid_dir/R0014_M0107.TextGrid,120187,729a6064342b45388224e4dcb2976908f465d36e333e65b352e4e7f46ee3accf,fresh_sha256_both_files,alimeeting_source,1639223382000000000,184,796825200,1639223382000000000,184,672893901
legacy_asr:AliMeeting/Train_Ali_far/textgrid_dir/R0008_M0074.TextGrid,alimeeting_far_raw:Train_Ali_far/textgrid_dir/R0008_M0074.TextGrid,119429,7bf8a8b50f40df60299a9ec275213cf59e354a7c63409f73ab7a8d30ca2e508e,fresh_sha256_both_files,alimeeting_source,1639223380000000000,184,796825174,1639223380000000000,184,672893875
legacy_asr:AliMeeting/Train_Ali_far/textgrid_dir/R0008_M0063.TextGrid,alimeeting_far_raw:Train_Ali_far/textgrid_dir/R0008_M0063.TextGrid,118968,16553ecd9eae838ab8a219596541fee56bedf90651d3ab330576dc5ca98e011e,fresh_sha256_both_files,alimeeting_source,1639223380000000000,184,796825167,1639223380000000000,184,672893868
legacy_asr:AliMeeting/Train_Ali_far/textgrid_dir/R0008_M0064.TextGrid,alimeeting_far_raw:Train_Ali_far/textgrid_dir/R0008_M0064.TextGrid,118011,feb605ae2ebd7380f9ea897f720ca73413d2b9c1d7b84e1e6c928aa0bd7836bc,fresh_sha256_both_files,alimeeting_source,1639223380000000000,184,796825168,1639223380000000000,184,672893869
legacy_asr:AliMeeting/Train_Ali_far/textgrid_dir/R0015_M0148.TextGrid,alimeeting_far_raw:Train_Ali_far/textgrid_dir/R0015_M0148.TextGrid,117770,c2a99c4c7c11b1da08a46d553d4177e199156f2d2b9dca332abbf17ed7bcaf6b,fresh_sha256_both_files,alimeeting_source,1639223384000000000,184,796825233,1639223384000000000,184,672893934
legacy_asr:AliMeeting/Train_Ali_far/textgrid_dir/R0004_M0022.TextGrid,alimeeting_far_raw:Train_Ali_far/textgrid_dir/R0004_M0022.TextGrid,117748,8ff1bf206d31005a7b0d5a4bfc1d65e45687a517bf98235160899798c2cd8ad1,fresh_sha256_both_files,alimeeting_source,1639223379000000000,184,796825150,1639223379000000000,184,672893851
legacy_asr:AliMeeting/Train_Ali_far/textgrid_dir/R0020_M0175.TextGrid,alimeeting_far_raw:Train_Ali_far/textgrid_dir/R0020_M0175.TextGrid,117690,992f20df2a57304719a7a1be0f48e08aba59a8d0f9350a9331a54e8cde891cd7,fresh_sha256_both_files,alimeeting_source,1639223386000000000,184,796825252,1639223386000000000,184,672959489
legacy_asr:AliMeeting/Train_Ali_far/textgrid_dir/R0015_M0142.TextGrid,alimeeting_far_raw:Train_Ali_far/textgrid_dir/R0015_M0142.TextGrid,117618,fef2a8f042755704a135e72c7f2371b07f1cbe07efe27c4fa1c9c001b571a836,fresh_sha256_both_files,alimeeting_source,1639223384000000000,184,796825227,1639223384000000000,184,672893928
legacy_asr:AliMeeting/Train_Ali_far/textgrid_dir/R0014_M0099.TextGrid,alimeeting_far_raw:Train_Ali_far/textgrid_dir/R0014_M0099.TextGrid,116633,74fc38cb04d22181a45eb6a5ac30db8a7d6d3eb1794e50b720fd81f4b763bdbc,fresh_sha256_both_files,alimeeting_source,1639223382000000000,184,796825194,1639223382000000000,184,672893895
legacy_asr:AliMeeting/Train_Ali_far/textgrid_dir/R0014_M0085.TextGrid,alimeeting_far_raw:Train_Ali_far/textgrid_dir/R0014_M0085.TextGrid,116617,56ce189923ab69aed072b6b6c28b511a603fe9abba06926bf05523b81acf3bef,fresh_sha256_both_files,alimeeting_source,1639223381000000000,184,796825183,1639223381000000000,184,672893884
legacy_asr:AliMeeting/Train_Ali_far/textgrid_dir/R0014_M0101.TextGrid,alimeeting_far_raw:Train_Ali_far/textgrid_dir/R0014_M0101.TextGrid,115461,947db98375e891910da476bc9ddbfa0d90c726a12143740ce9c5b816a85fb1da,fresh_sha256_both_files,alimeeting_source,1639223382000000000,184,796825196,1639223382000000000,184,672893897
legacy_asr:AliMeeting/Train_Ali_far/textgrid_dir/R0014_M0084.TextGrid,alimeeting_far_raw:Train_Ali_far/textgrid_dir/R0014_M0084.TextGrid,114600,959d892a720d703696cdb818c6f134ebb5e84c447bbbfdd27ce7d07d88388644,fresh_sha256_both_files,alimeeting_source,1639223381000000000,184,796825182,1639223381000000000,184,672893883
legacy_asr:AliMeeting/Train_Ali_far/textgrid_dir/R0015_M0139.TextGrid,alimeeting_far_raw:Train_Ali_far/textgrid_dir/R0015_M0139.TextGrid,114593,09c92b0c52e617af278d84b7a3dedf7caad06ac550e6cbd03b243c8397c4fa5b,fresh_sha256_both_files,alimeeting_source,1639223384000000000,184,796825224,1639223384000000000,184,672893925
legacy_asr:AliMeeting/Train_Ali_far/textgrid_dir/R0015_M0124.TextGrid,alimeeting_far_raw:Train_Ali_far/textgrid_dir/R0015_M0124.TextGrid,114516,fb9e1d0eca36df32c52f178521f98aa9c0ebb9de8d2246f81799f1430f81f724,fresh_sha256_both_files,alimeeting_source,1639223383000000000,184,796825215,1639223383000000000,184,672893916
legacy_asr:AliMeeting/Train_Ali_far/textgrid_dir/R0008_M0058.TextGrid,alimeeting_far_raw:Train_Ali_far/textgrid_dir/R0008_M0058.TextGrid,114388,2a4beceb2d36e2cc1a7f90346aee694e912c33cc1750881bca4235be532621be,fresh_sha256_both_files,alimeeting_source,1639223380000000000,184,796825165,1639223380000000000,184,672893866
legacy_asr:AliMeeting/Train_Ali_far/textgrid_dir/R0015_M0151.TextGrid,alimeeting_far_raw:Train_Ali_far/textgrid_dir/R0015_M0151.TextGrid,114235,610116ecfdff54fbbce2a300552f6faffe0230130e5df99229c76151735b2d40,fresh_sha256_both_files,alimeeting_source,1639223385000000000,184,796825236,1639223385000000000,184,672893937
legacy_asr:AliMeeting/Train_Ali_far/textgrid_dir/R0015_M0138.TextGrid,alimeeting_far_raw:Train_Ali_far/textgrid_dir/R0015_M0138.TextGrid,114160,45830d3d61832327434b08be559d33bda9119fd8e6e20c513d147647decb6d1f,fresh_sha256_both_files,alimeeting_source,1639223384000000000,184,796825223,1639223384000000000,184,672893924
legacy_asr:AliMeeting/Train_Ali_far/textgrid_dir/R0015_M0118.TextGrid,alimeeting_far_raw:Train_Ali_far/textgrid_dir/R0015_M0118.TextGrid,114062,9fd98026898b91752fe5d972dc67a97927c027a00b0d183619b43d68fd613073,fresh_sha256_both_files,alimeeting_source,1639223383000000000,184,796825209,1639223383000000000,184,672893910
legacy_asr:AliMeeting/Train_Ali_far/textgrid_dir/R2001_M2206.TextGrid,alimeeting_far_raw:Train_Ali_far/textgrid_dir/R2001_M2206.TextGrid,113960,16b7d5762ee35ec6506cb876c37b5bf9524741ffa5a8b1c0ea902105cb04a6b0,fresh_sha256_both_files,alimeeting_source,1639223391000000000,184,796825340,1639223391000000000,184,672959577
legacy_asr:AliMeeting/Train_Ali_far/textgrid_dir/R0014_M0078.TextGrid,alimeeting_far_raw:Train_Ali_far/textgrid_dir/R0014_M0078.TextGrid,113494,569507ee9550bb650b13b07e613785deebdb65f0024b50673271db7ef7cbf511,fresh_sha256_both_files,alimeeting_source,1639223381000000000,184,796825178,1639223381000000000,184,672893879
legacy_asr:AliMeeting/Train_Ali_far/textgrid_dir/R1019_M4031.TextGrid,alimeeting_far_raw:Train_Ali_far/textgrid_dir/R1019_M4031.TextGrid,113264,2742376243cc64aba1af416b7ccf1355421671e811d70a484851711f2186fa01,fresh_sha256_both_files,alimeeting_source,1639223389000000000,184,796825304,1639223389000000000,184,672959540
legacy_asr:AliMeeting/Train_Ali_far/textgrid_dir/R0008_M0060.TextGrid,alimeeting_far_raw:Train_Ali_far/textgrid_dir/R0008_M0060.TextGrid,113070,436e469fdc349699a799817033907694efe2a769946b4413db826db76a1ed1a1,fresh_sha256_both_files,alimeeting_source,1639223380000000000,184,796825166,1639223380000000000,184,672893867
legacy_asr:AliMeeting/Train_Ali_far/textgrid_dir/R0008_M0076.TextGrid,alimeeting_far_raw:Train_Ali_far/textgrid_dir/R0008_M0076.TextGrid,112769,6a2565f709e1220a7f62301d92492eda2485e571dfbb46c06803e6fc91e49e03,fresh_sha256_both_files,alimeeting_source,1639223380000000000,184,796825176,1639223380000000000,184,672893877
legacy_asr:AliMeeting/Train_Ali_far/textgrid_dir/R0014_M0111.TextGrid,alimeeting_far_raw:Train_Ali_far/textgrid_dir/R0014_M0111.TextGrid,112532,263e3ca04d7e2a63d4e48df5d30397943d08c1375785e556dbc7d2a168302dd2,fresh_sha256_both_files,alimeeting_source,1639223382000000000,184,796825204,1639223382000000000,184,672893905
legacy_asr:AliMeeting/Train_Ali_far/textgrid_dir/R1019_M4035.TextGrid,alimeeting_far_raw:Train_Ali_far/textgrid_dir/R1019_M4035.TextGrid,112146,f50f318122ddc6e468f2c55455441067bdba657162079e0eb5e080221afa2d96,fresh_sha256_both_files,alimeeting_source,1639223389000000000,184,796825306,1639223389000000000,184,672959542
legacy_asr:AliMeeting/Train_Ali_far/textgrid_dir/R0015_M0134.TextGrid,alimeeting_far_raw:Train_Ali_far/textgrid_dir/R0015_M0134.TextGrid,111862,0651046fb80df313588de0c69309fac167058985665b8c5dc7140594d43a2d22,fresh_sha256_both_files,alimeeting_source,1639223384000000000,184,796825221,1639223384000000000,184,672893922
legacy_asr:AliMeeting/Train_Ali_far/textgrid_dir/R0015_M0120.TextGrid,alimeeting_far_raw:Train_Ali_far/textgrid_dir/R0015_M0120.TextGrid,111509,bf4725c02a3138b25d15b8e76c425e945f8ff9f571628cee944e7244b3070dab,fresh_sha256_both_files,alimeeting_source,1639223383000000000,184,796825211,1639223383000000000,184,672893912
legacy_asr:AliMeeting/Train_Ali_far/textgrid_dir/R0015_M0117.TextGrid,alimeeting_far_raw:Train_Ali_far/textgrid_dir/R0015_M0117.TextGrid,111290,94c4df608d000e7f34fb55ba70dbb91ef46ba8403f5c4ad6c28fabf5fbc05bd8,fresh_sha256_both_files,alimeeting_source,1639223383000000000,184,796825208,1639223383000000000,184,672893909
legacy_asr:AliMeeting/Train_Ali_far/textgrid_dir/R0020_M0168.TextGrid,alimeeting_far_raw:Train_Ali_far/textgrid_dir/R0020_M0168.TextGrid,110923,8ea4ea503ab4ddfdd98207ee1d8ef05ba1d57bf49a592a92b8fe81f7b0eadcf9,fresh_sha256_both_files,alimeeting_source,1639223385000000000,184,796825247,1639223385000000000,184,672893948
legacy_asr:AliMeeting/Train_Ali_far/textgrid_dir/R0015_M0119.TextGrid,alimeeting_far_raw:Train_Ali_far/textgrid_dir/R0015_M0119.TextGrid,110795,04dc4d193c6f64afe251e92d2c1fc196dc9c9f05d125f053128746ca91eedea6,fresh_sha256_both_files,alimeeting_source,1639223383000000000,184,796825210,1639223383000000000,184,672893911
legacy_asr:AliMeeting/Train_Ali_far/textgrid_dir/R0008_M0053.TextGrid,alimeeting_far_raw:Train_Ali_far/textgrid_dir/R0008_M0053.TextGrid,110124,d38b84d637128e3dbeda05e0ab9df7d692d4de602aa96a696521c9748779dd99,fresh_sha256_both_files,alimeeting_source,1639223379000000000,184,796825160,1639223379000000000,184,672893861
legacy_asr:AliMeeting/Train_Ali_far/textgrid_dir/R0015_M0158.TextGrid,alimeeting_far_raw:Train_Ali_far/textgrid_dir/R0015_M0158.TextGrid,110019,92636b1ea5d70c6f09ab748cd58dd9d2794c99daa2adb3307072f892bf08466a,fresh_sha256_both_files,alimeeting_source,1639223385000000000,184,796825239,1639223385000000000,184,672893940
legacy_asr:AliMeeting/Train_Ali_far/textgrid_dir/R0015_M0162.TextGrid,alimeeting_far_raw:Train_Ali_far/textgrid_dir/R0015_M0162.TextGrid,109699,417da86056ddf33abf61f98162900fda5b4b28f0ae529e9abb2ab4152243dfed,fresh_sha256_both_files,alimeeting_source,1639223385000000000,184,796825243,1639223385000000000,184,672893944
legacy_asr:AliMeeting/Train_Ali_far/textgrid_dir/R0020_M0166.TextGrid,alimeeting_far_raw:Train_Ali_far/textgrid_dir/R0020_M0166.TextGrid,109517,37f122997e69a73fdb689e799c827df21a6abe209beffed901dc5f8501f97300,fresh_sha256_both_files,alimeeting_source,1639223385000000000,184,796825245,1639223385000000000,184,672893946
legacy_asr:AliMeeting/Train_Ali_far/textgrid_dir/R0015_M0161.TextGrid,alimeeting_far_raw:Train_Ali_far/textgrid_dir/R0015_M0161.TextGrid,109197,2faaa4a283e12cb6766daac15669ffd15abee3baeef0a4290b264984791d2623,fresh_sha256_both_files,alimeeting_source,1639223385000000000,184,796825242,1639223385000000000,184,672893943
legacy_asr:AliMeeting/Train_Ali_far/textgrid_dir/R0020_M0192.TextGrid,alimeeting_far_raw:Train_Ali_far/textgrid_dir/R0020_M0192.TextGrid,109147,4fef20c4a2b3e284a1b7cfbb11f4852e740928042f1ecd242ba79cb2be246b8c,fresh_sha256_both_files,alimeeting_source,1639223386000000000,184,796825262,1639223386000000000,184,672959499
legacy_asr:AliMeeting/Train_Ali_far/textgrid_dir/R0015_M0147.TextGrid,alimeeting_far_raw:Train_Ali_far/textgrid_dir/R0015_M0147.TextGrid,109091,838ef944a6cc768514990c50bfa713183d95cd51f1e33f18d0f600c587d57610,fresh_sha256_both_files,alimeeting_source,1639223384000000000,184,796825232,1639223384000000000,184,672893933
legacy_asr:AliMeeting/Train_Ali_far/textgrid_dir/R0015_M0160.TextGrid,alimeeting_far_raw:Train_Ali_far/textgrid_dir/R0015_M0160.TextGrid,109043,329bb86d1f90cd7ccfef7efbc1086aff299def583a1d5963af386cf29d3df818,fresh_sha256_both_files,alimeeting_source,1639223385000000000,184,796825241,1639223385000000000,184,672893942
legacy_asr:AliMeeting/Train_Ali_far/textgrid_dir/R2001_M2205.TextGrid,alimeeting_far_raw:Train_Ali_far/textgrid_dir/R2001_M2205.TextGrid,109043,fc1c654f5d749849a8bcbd204e6fa0152188bfbbc91370f3689f5419326b32d3,fresh_sha256_both_files,alimeeting_source,1639223391000000000,184,796825339,1639223391000000000,184,672959576
legacy_asr:AliMeeting/Train_Ali_far/textgrid_dir/R0008_M0052.TextGrid,alimeeting_far_raw:Train_Ali_far/textgrid_dir/R0008_M0052.TextGrid,107837,e4e5ca4c81bbb5d4323425e3939d36a73c5a041ba3159bc834ce02cecf447486,fresh_sha256_both_files,alimeeting_source,1639223379000000000,184,796825159,1639223379000000000,184,672893860
legacy_asr:AliMeeting/Train_Ali_far/textgrid_dir/R0020_M0167.TextGrid,alimeeting_far_raw:Train_Ali_far/textgrid_dir/R0020_M0167.TextGrid,107520,2f0f03800950b053949b8688531b796fe33a542b68d1a0057e59f8806e78fa35,fresh_sha256_both_files,alimeeting_source,1639223385000000000,184,796825246,1639223385000000000,184,672893947
legacy_asr:AliMeeting/Train_Ali_far/textgrid_dir/R0004_M0012.TextGrid,alimeeting_far_raw:Train_Ali_far/textgrid_dir/R0004_M0012.TextGrid,107444,5ca61157fbfef6e0e187b444cb27f3e78e52bdd3ab6f1d0038a76b7a7e3839e6,fresh_sha256_both_files,alimeeting_source,1639223379000000000,184,796825147,1639223379000000000,184,672893848
legacy_asr:AliMeeting/Train_Ali_far/textgrid_dir/R0014_M0080.TextGrid,alimeeting_far_raw:Train_Ali_far/textgrid_dir/R0014_M0080.TextGrid,107322,2d99a46f096b21e81395eee391ad63cb491fd8438ecb16ee7edf68b60a6795f4,fresh_sha256_both_files,alimeeting_source,1639223381000000000,184,796825180,1639223381000000000,184,672893881
legacy_asr:AliMeeting/Train_Ali_far/textgrid_dir/R0015_M0140.TextGrid,alimeeting_far_raw:Train_Ali_far/textgrid_dir/R0015_M0140.TextGrid,107297,d8a606a11842d4f37bb796fa361f2f0399ad06bd54f1cd005730fa03ab04848f,fresh_sha256_both_files,alimeeting_source,1639223384000000000,184,796825225,1639223384000000000,184,672893926
legacy_asr:AliMeeting/Train_Ali_far/textgrid_dir/R0020_M0185.TextGrid,alimeeting_far_raw:Train_Ali_far/textgrid_dir/R0020_M0185.TextGrid,107250,ff53d3410533e4c0a041b8f092dc98555c09f2c5a860940eacc10a4154f1e0a8,fresh_sha256_both_files,alimeeting_source,1639223386000000000,184,796825258,1639223386000000000,184,672959495
legacy_asr:AliMeeting/Train_Ali_far/textgrid_dir/R0015_M0141.TextGrid,alimeeting_far_raw:Train_Ali_far/textgrid_dir/R0015_M0141.TextGrid,106989,939f624b27181954ec69f29c09285ea2d9ccf45adb9089c723ec3e6520833362,fresh_sha256_both_files,alimeeting_source,1639223384000000000,184,796825226,1639223384000000000,184,672893927
legacy_asr:AliMeeting/Train_Ali_far/textgrid_dir/R0020_M0178.TextGrid,alimeeting_far_raw:Train_Ali_far/textgrid_dir/R0020_M0178.TextGrid,106466,6141e43ee7d35c5ed3a55b0e8d1e85cb6504ff39a89d68864508cb7815e56d0e,fresh_sha256_both_files,alimeeting_source,1639223386000000000,184,796825254,1639223386000000000,184,672959491
legacy_asr:AliMeeting/Train_Ali_far/textgrid_dir/R1021_M1959.TextGrid,alimeeting_far_raw:Train_Ali_far/textgrid_dir/R1021_M1959.TextGrid,106419,2b9a4974dfd03061e0d3586ef3b0267584c408b7d8e22857113edd7b2ff19eb1,fresh_sha256_both_files,alimeeting_source,1639223390000000000,184,796825327,1639223390000000000,184,672959564
legacy_asr:AliMeeting/Train_Ali_far/textgrid_dir/R0003_M0046.TextGrid,alimeeting_far_raw:Train_Ali_far/textgrid_dir/R0003_M0046.TextGrid,106298,fd6468fad1d1c08d653ce2969c255adb3221d6fa96e3a3fdc5ef37697d9abbff,fresh_sha256_both_files,alimeeting_source,1639223379000000000,184,796825145,1639223379000000000,184,672893846
legacy_asr:AliMeeting/Train_Ali_far/textgrid_dir/R0014_M0102.TextGrid,alimeeting_far_raw:Train_Ali_far/textgrid_dir/R0014_M0102.TextGrid,106262,01f5fd467c86f043353c545d73a6d1898a150f730aae019f6eb19132ed0ce03e,fresh_sha256_both_files,alimeeting_source,1639223382000000000,184,796825197,1639223382000000000,184,672893898
legacy_asr:AliMeeting/Train_Ali_far/textgrid_dir/R1019_M4013.TextGrid,alimeeting_far_raw:Train_Ali_far/textgrid_dir/R1019_M4013.TextGrid,106219,4f44918ebab0d343a89cf189fe2073bd850d2db218dac322ad2a04a84c2d90f5,fresh_sha256_both_files,alimeeting_source,1639223388000000000,184,796825296,1639223388000000000,184,672959532
legacy_asr:AliMeeting/Train_Ali_far/textgrid_dir/R0008_M0057.TextGrid,alimeeting_far_raw:Train_Ali_far/textgrid_dir/R0008_M0057.TextGrid,106161,521ed78c747230b250ab2b8f7e8545ab693024d792d60a06e058ade84bf1c7be,fresh_sha256_both_files,alimeeting_source,1639223380000000000,184,796825164,1639223380000000000,184,672893865
legacy_asr:AliMeeting/Train_Ali_far/textgrid_dir/R0015_M0129.TextGrid,alimeeting_far_raw:Train_Ali_far/textgrid_dir/R0015_M0129.TextGrid,106101,090b6ad48eda502a79e294720d3413081e993d2e2f579b4b2c412e091bd9c496,fresh_sha256_both_files,alimeeting_source,1639223383000000000,184,796825218,1639223383000000000,184,672893919
legacy_asr:AliMeeting/Train_Ali_far/textgrid_dir/R0020_M0193.TextGrid,alimeeting_far_raw:Train_Ali_far/textgrid_dir/R0020_M0193.TextGrid,105786,ffb6800db59582ad3e672aaa49526218d1018059db42122fd6627a4ae60b843b,fresh_sha256_both_files,alimeeting_source,1639223386000000000,184,796825263,1639223386000000000,184,672959500
legacy_asr:AliMeeting/Train_Ali_far/textgrid_dir/R1019_M1971.TextGrid,alimeeting_far_raw:Train_Ali_far/textgrid_dir/R1019_M1971.TextGrid,105697,da862c62f81e8071aeb62eb8da17ab12630305a6407dcf78ec5c328d2d54d48d,fresh_sha256_both_files,alimeeting_source,1639223387000000000,184,796825279,1639223387000000000,184,672959516
legacy_asr:AliMeeting/Train_Ali_far/textgrid_dir/R0005_M0040.TextGrid,alimeeting_far_raw:Train_Ali_far/textgrid_dir/R0005_M0040.TextGrid,105506,da85622e115eed31e73cc8a1939ee563d6ac09859e49f16c0f6fcc6b98aef996,fresh_sha256_both_files,alimeeting_source,1639223379000000000,184,796825155,1639223379000000000,184,672893856
legacy_asr:AliMeeting/Train_Ali_far/textgrid_dir/R0020_M0184.TextGrid,alimeeting_far_raw:Train_Ali_far/textgrid_dir/R0020_M0184.TextGrid,105357,83cf98aff1e5b2ff0c9507011afa6521da62a0e13972c10f83d20f2c8c79c467,fresh_sha256_both_files,alimeeting_source,1639223386000000000,184,796825257,1639223386000000000,184,672959494
legacy_asr:AliMeeting/Train_Ali_far/textgrid_dir/R0014_M0112.TextGrid,alimeeting_far_raw:Train_Ali_far/textgrid_dir/R0014_M0112.TextGrid,104829,80682b76b18592bf7a86af780fb99aef157d31164932beec8efb991354d972c8,fresh_sha256_both_files,alimeeting_source,1639223382000000000,184,796825205,1639223382000000000,184,672893906
legacy_asr:AliMeeting/Train_Ali_far/textgrid_dir/R0014_M0083.TextGrid,alimeeting_far_raw:Train_Ali_far/textgrid_dir/R0014_M0083.TextGrid,104636,0df639cd4dc6a061ad9ffdcf33fbf107d6d87009caf6577a0831d858bb76cdcd,fresh_sha256_both_files,alimeeting_source,1639223381000000000,184,796825181,1639223381000000000,184,672893882
legacy_asr:AliMeeting/Train_Ali_far/textgrid_dir/R1019_M1948.TextGrid,alimeeting_far_raw:Train_Ali_far/textgrid_dir/R1019_M1948.TextGrid,104547,4515893b59c18f6d5e9855785673be47db3c45d8da93a885d69cba4a0993e3c9,fresh_sha256_both_files,alimeeting_source,1639223387000000000,184,796825268,1639223387000000000,184,672959505
legacy_asr:AliMeeting/Train_Ali_far/textgrid_dir/R0004_M0027.TextGrid,alimeeting_far_raw:Train_Ali_far/textgrid_dir/R0004_M0027.TextGrid,103809,918afa51ab5ab142afc3e81e33d785a61cfbf5a171087b924977359feb82d70b,fresh_sha256_both_files,alimeeting_source,1639223379000000000,184,796825152,1639223379000000000,184,672893853
legacy_asr:AliMeeting/Train_Ali_far/textgrid_dir/R0014_M0106.TextGrid,alimeeting_far_raw:Train_Ali_far/textgrid_dir/R0014_M0106.TextGrid,103701,f6a85275f6450dd0e5a26445d27d64c14bfffe3d7338b3b39cb445d4c1c4e5ac,fresh_sha256_both_files,alimeeting_source,1639223382000000000,184,796825199,1639223382000000000,184,672893900
legacy_asr:AliMeeting/Train_Ali_far/textgrid_dir/R1021_M1947.TextGrid,alimeeting_far_raw:Train_Ali_far/textgrid_dir/R1021_M1947.TextGrid,103031,303b1afb2be8731ae8832b94375e6593e1181410232751ee163c1411357e37d7,fresh_sha256_both_files,alimeeting_source,1639223390000000000,184,796825326,1639223390000000000,184,672959563
legacy_asr:AliMeeting/Train_Ali_far/textgrid_dir/R0014_M0079.TextGrid,alimeeting_far_raw:Train_Ali_far/textgrid_dir/R0014_M0079.TextGrid,102856,cc10beae1370a55445af52027873a9fc4cbf0d9d38d7f0ec253a7a4c31c118e6,fresh_sha256_both_files,alimeeting_source,1639223381000000000,184,796825179,1639223381000000000,184,672893880
legacy_asr:AliMeeting/Train_Ali_far/textgrid_dir/R0015_M0146.TextGrid,alimeeting_far_raw:Train_Ali_far/textgrid_dir/R0015_M0146.TextGrid,102253,80ee69398486e678ea8fd985a805cfa9cbb04f826664918cbe9421bef6d2fbec,fresh_sha256_both_files,alimeeting_source,1639223384000000000,184,796825231,1639223384000000000,184,672893932
legacy_asr:AliMeeting/Train_Ali_far/textgrid_dir/R0008_M0051.TextGrid,alimeeting_far_raw:Train_Ali_far/textgrid_dir/R0008_M0051.TextGrid,102158,9160ecb08d71545f65d2fe04fc0c20c20cb1bd460be8fc675df8223b2a0373d8,fresh_sha256_both_files,alimeeting_source,1639223379000000000,184,796825158,1639223379000000000,184,672893859
legacy_asr:AliMeeting/Train_Ali_far/textgrid_dir/R0014_M0077.TextGrid,alimeeting_far_raw:Train_Ali_far/textgrid_dir/R0014_M0077.TextGrid,102131,c17bc6ece20e4e98c0a7286f21a270ceb5fa7261962a1c033e242c44aabe62bd,fresh_sha256_both_files,alimeeting_source,1639223381000000000,184,796825177,1639223381000000000,184,672893878
legacy_asr:LHOTSE/data_aishell/data/manifests/aishell_recordings_test.jsonl.gz,legacy_asr:data_aishell/lhotse/hotwords/aishell_recordings_test.jsonl.gz,101338,708b6c6fb65f05963bdf83acaa72fcfa5fcf7921eb01f0b515e7a91a2e24ecf9,fresh_sha256_both_files,direct_artifact,1770477154309273572,184,582909701,1777012103254043000,184,52191971
legacy_asr:AliMeeting/Train_Ali_far/textgrid_dir/R1019_M4017.TextGrid,alimeeting_far_raw:Train_Ali_far/textgrid_dir/R1019_M4017.TextGrid,100911,da8102f3fa68aebd05743ffaee56f7788cfe25e0d2cd339e5380e81b893fcd18,fresh_sha256_both_files,alimeeting_source,1639223388000000000,184,796825298,1639223388000000000,184,672959534
legacy_asr:AliMeeting/Train_Ali_far/textgrid_dir/R0020_M0169.TextGrid,alimeeting_far_raw:Train_Ali_far/textgrid_dir/R0020_M0169.TextGrid,100743,6765ade5b8ca41a8d7a2a7649b19a0aeb0cb6b38a3f791759fd4f5f40759bb32,fresh_sha256_both_files,alimeeting_source,1639223385000000000,184,796825248,1639223385000000000,184,672893949
legacy_asr:AliMeeting/Train_Ali_far/textgrid_dir/R0015_M0150.TextGrid,alimeeting_far_raw:Train_Ali_far/textgrid_dir/R0015_M0150.TextGrid,100323,b7ca03a30b8f872e8dda82b817c980508dd6e8fd5f3f99b90a3654a2e6318fd5,fresh_sha256_both_files,alimeeting_source,1639223384000000000,184,796825235,1639223384000000000,184,672893936
legacy_asr:AliMeeting/Train_Ali_far/textgrid_dir/R0015_M0163.TextGrid,alimeeting_far_raw:Train_Ali_far/textgrid_dir/R0015_M0163.TextGrid,100129,58c6aeb8708d6db8792b050d829bbff8c26b33b4b504f21851a6a3d44ef45046,fresh_sha256_both_files,alimeeting_source,1639223385000000000,184,796825244,1639223385000000000,184,672893945
legacy_asr:AliMeeting/Train_Ali_far/textgrid_dir/R0015_M0145.TextGrid,alimeeting_far_raw:Train_Ali_far/textgrid_dir/R0015_M0145.TextGrid,100059,f51f419e60e53927a8116c6eea4d293a6bc94dbe8856530def965816653c0529,fresh_sha256_both_files,alimeeting_source,1639223384000000000,184,796825230,1639223384000000000,184,672893931
legacy_asr:AliMeeting/Train_Ali_far/textgrid_dir/R0014_M0105.TextGrid,alimeeting_far_raw:Train_Ali_far/textgrid_dir/R0014_M0105.TextGrid,99820,e029ed42ec439cb930dbe1c7a2785af0cdb0a6f054c827494d4033e6835bf600,fresh_sha256_both_files,alimeeting_source,1639223382000000000,184,796825198,1639223382000000000,184,672893899
legacy_asr:AliMeeting/Train_Ali_far/textgrid_dir/R0015_M0159.TextGrid,alimeeting_far_raw:Train_Ali_far/textgrid_dir/R0015_M0159.TextGrid,99543,26bc76b799f5811004afefac0f8b7c5b9b0fab7d5794de4521b690a1bbc699ff,fresh_sha256_both_files,alimeeting_source,1639223385000000000,184,796825240,1639223385000000000,184,672893941
legacy_asr:AliMeeting/Train_Ali_far/textgrid_dir/R1019_M4030.TextGrid,alimeeting_far_raw:Train_Ali_far/textgrid_dir/R1019_M4030.TextGrid,99488,25f91155e201d57b14c47a5deb5dafafe58a162bb2e400b5e0b57f5955a34719,fresh_sha256_both_files,alimeeting_source,1639223389000000000,184,796825303,1639223389000000000,184,672959539
legacy_asr:AliMeeting/Train_Ali_far/textgrid_dir/R0008_M0055.TextGrid,alimeeting_far_raw:Train_Ali_far/textgrid_dir/R0008_M0055.TextGrid,99016,f021c33c7c99a25f200f8e58dfed864d3e8f5af99e4fcbc44c51d6a6c1445444,fresh_sha256_both_files,alimeeting_source,1639223380000000000,184,796825162,1639223380000000000,184,672893863
legacy_asr:AliMeeting/Train_Ali_far/textgrid_dir/R0005_M0035.TextGrid,alimeeting_far_raw:Train_Ali_far/textgrid_dir/R0005_M0035.TextGrid,98850,368ae2a52a25da0d4aecafa1b03dfa86593cb95610cd5faeea6fac720adf90d6,fresh_sha256_both_files,alimeeting_source,1639223379000000000,184,796825154,1639223379000000000,184,672893855
legacy_asr:AliMeeting/Train_Ali_far/textgrid_dir/R1019_M4026.TextGrid,alimeeting_far_raw:Train_Ali_far/textgrid_dir/R1019_M4026.TextGrid,97960,9e1cfce2ad28971294d2ce2f03b7bddc569088b1261caff251ecb82bce3d3171,fresh_sha256_both_files,alimeeting_source,1639223388000000000,184,796825301,1639223388000000000,184,672959537
legacy_asr:AliMeeting/Train_Ali_far/textgrid_dir/R0008_M0072.TextGrid,alimeeting_far_raw:Train_Ali_far/textgrid_dir/R0008_M0072.TextGrid,97798,559c58b91d3928098efb011ab8c1a8d330682e9af12459a4a36646057a71ffe0,fresh_sha256_both_files,alimeeting_source,1639223380000000000,184,796825172,1639223380000000000,184,672893873
legacy_asr:AliMeeting/Train_Ali_far/textgrid_dir/R0020_M0170.TextGrid,alimeeting_far_raw:Train_Ali_far/textgrid_dir/R0020_M0170.TextGrid,97374,f7c40eea4688b4f865e3579f0685059d511b5760cbfa5e203b6f0188d55bd8e6,fresh_sha256_both_files,alimeeting_source,1639223385000000000,184,796825249,1639223385000000000,184,672893950
legacy_asr:AliMeeting/Train_Ali_far/textgrid_dir/R1021_M1932.TextGrid,alimeeting_far_raw:Train_Ali_far/textgrid_dir/R1021_M1932.TextGrid,97336,c6a1db00190138516936538534e44f67ba5f3bbad69c89b84b2793721658c3e5,fresh_sha256_both_files,alimeeting_source,1639223390000000000,184,796825319,1639223390000000000,184,672959556
legacy_asr:AliMeeting/Train_Ali_far/textgrid_dir/R1019_M4043.TextGrid,alimeeting_far_raw:Train_Ali_far/textgrid_dir/R1019_M4043.TextGrid,97288,688c3b8e07b67330e9f3ce7b4c6f5d7edbad31c98966a33913a64b535ac3a8ef,fresh_sha256_both_files,alimeeting_source,1639223389000000000,184,796825309,1639223389000000000,184,672959545
legacy_asr:AliMeeting/Train_Ali_far/textgrid_dir/R1019_M1989.TextGrid,alimeeting_far_raw:Train_Ali_far/textgrid_dir/R1019_M1989.TextGrid,97170,b27405d9779403a490386a01e7d2b81b26e75a43e8b9eb1dfc21d04e0dfee191,fresh_sha256_both_files,alimeeting_source,1639223388000000000,184,796825286,1639223388000000000,184,672959523
legacy_asr:AliMeeting/Train_Ali_far/textgrid_dir/R0005_M0041.TextGrid,alimeeting_far_raw:Train_Ali_far/textgrid_dir/R0005_M0041.TextGrid,96977,a3af7652122a1c201405a138ab5c4a7f47fb33a2b755c2418d8b4f98b06c6f61,fresh_sha256_both_files,alimeeting_source,1639223379000000000,184,796825156,1639223379000000000,184,672893857
legacy_asr:AliMeeting/Train_Ali_far/textgrid_dir/R0008_M0056.TextGrid,alimeeting_far_raw:Train_Ali_far/textgrid_dir/R0008_M0056.TextGrid,96264,a8814fcac2fb9dcfe295a0aeff966eac3f0f7b8087e3d736b33f97b58c3daa04,fresh_sha256_both_files,alimeeting_source,1639223380000000000,184,796825163,1639223380000000000,184,672893864
legacy_asr:AliMeeting/Train_Ali_far/textgrid_dir/R1019_M4071.TextGrid,alimeeting_far_raw:Train_Ali_far/textgrid_dir/R1019_M4071.TextGrid,95798,6f9269a7f2b69489c7327ffff48bf9cb8fde0e8500b32efd1c34f28a9fabd772,fresh_sha256_both_files,alimeeting_source,1639223390000000000,184,796825318,1639223390000000000,184,672959554
legacy_asr:AliMeeting/Train_Ali_far/textgrid_dir/R1021_M1942.TextGrid,alimeeting_far_raw:Train_Ali_far/textgrid_dir/R1021_M1942.TextGrid,95473,5e0c7934f4fcd8139b837111094835c56f5bd052074a2a6f7678712bb0d97c29,fresh_sha256_both_files,alimeeting_source,1639223390000000000,184,796825320,1639223390000000000,184,672959561
legacy_asr:AliMeeting/Train_Ali_far/textgrid_dir/R0008_M0050.TextGrid,alimeeting_far_raw:Train_Ali_far/textgrid_dir/R0008_M0050.TextGrid,95411,0c8f2a5a83fcee3dfb123b584761f0376f331a14e2f72a8b0f0ea8e6297827e7,fresh_sha256_both_files,alimeeting_source,1639223379000000000,184,796825157,1639223379000000000,184,672893858
legacy_asr:AliMeeting/Train_Ali_far/textgrid_dir/R1019_M4028.TextGrid,alimeeting_far_raw:Train_Ali_far/textgrid_dir/R1019_M4028.TextGrid,94463,31704a0ecb49d1b81a698d5dc752929177b54dca2609b4ed1b6d20293034bb28,fresh_sha256_both_files,alimeeting_source,1639223389000000000,184,796825302,1639223389000000000,184,672959538
legacy_asr:AliMeeting/Train_Ali_far/textgrid_dir/R0015_M0130.TextGrid,alimeeting_far_raw:Train_Ali_far/textgrid_dir/R0015_M0130.TextGrid,94383,8372d3f1081e98b56b9729be7138931c3eff8f5b8b3bee469c833e0a9eb95539,fresh_sha256_both_files,alimeeting_source,1639223383000000000,184,796825219,1639223383000000000,184,672893920
legacy_asr:AliMeeting/Train_Ali_far/textgrid_dir/R0004_M0017.TextGrid,alimeeting_far_raw:Train_Ali_far/textgrid_dir/R0004_M0017.TextGrid,93836,3964e92e5c1e70d98451754c344f7788da4b8ecb0652df7c83a16d8ca6a05d39,fresh_sha256_both_files,alimeeting_source,1639223379000000000,184,796825148,1639223379000000000,184,672893849
legacy_asr:AliMeeting/Train_Ali_far/textgrid_dir/R1019_M1949.TextGrid,alimeeting_far_raw:Train_Ali_far/textgrid_dir/R1019_M1949.TextGrid,93730,1a537a9cbd3888906dc14c7484db2e9a007874194d2e792a8db63408eb5f6853,fresh_sha256_both_files,alimeeting_source,1639223387000000000,184,796825269,1639223387000000000,184,672959506
legacy_asr:AliMeeting/Eval_Ali/Eval_Ali_far/textgrid_dir/R8009_M8019.TextGrid,alimeeting_far_raw:Eval_Ali_far/textgrid_dir/R8009_M8019.TextGrid,93517,dd85bfb2b920ac064b61e1fb8a09ab378a9e10422b48d23cd3030e2f02271b7c,fresh_sha256_both_files,alimeeting_source,1639223588000000000,184,796842373,1639223588000000000,184,268633833
legacy_asr:AliMeeting/Train_Ali_far/textgrid_dir/R1019_M4052.TextGrid,alimeeting_far_raw:Train_Ali_far/textgrid_dir/R1019_M4052.TextGrid,93316,4af84356433161769ee46baecc357c1375abd72704dccb8c8da66e842ddc74e6,fresh_sha256_both_files,alimeeting_source,1639223389000000000,184,796825295,1639223389000000000,184,672959547
legacy_asr:AliMeeting/Train_Ali_far/textgrid_dir/R0008_M0073.TextGrid,alimeeting_far_raw:Train_Ali_far/textgrid_dir/R0008_M0073.TextGrid,93298,ef5fa4f8fcaf1344efd939a32d45a2b103350b65f23eed5c8d1d21beec8f8af6,fresh_sha256_both_files,alimeeting_source,1639223380000000000,184,796825173,1639223380000000000,184,672893874
legacy_asr:AliMeeting/Train_Ali_far/textgrid_dir/R1019_M4007.TextGrid,alimeeting_far_raw:Train_Ali_far/textgrid_dir/R1019_M4007.TextGrid,92079,0a19de38ea3f1b2b56e90b24429a4152695530ab32f99b304baf16d8cc22d5bd,fresh_sha256_both_files,alimeeting_source,1639223388000000000,184,796825293,1639223388000000000,184,672959530
legacy_asr:AliMeeting/Train_Ali_far/textgrid_dir/R0008_M0054.TextGrid,alimeeting_far_raw:Train_Ali_far/textgrid_dir/R0008_M0054.TextGrid,91868,6435421357099f4e570c68786d2fd6c1fa5f02d58356861b1efcc41f7770b0af,fresh_sha256_both_files,alimeeting_source,1639223380000000000,184,796825161,1639223380000000000,184,672893862
legacy_asr:AliMeeting/Train_Ali_far/textgrid_dir/R1021_M1940.TextGrid,alimeeting_far_raw:Train_Ali_far/textgrid_dir/R1021_M1940.TextGrid,91618,69bc1783eb9983b2e3ff90adf257407b93c080b8aa28fba29be80d0a466f84df,fresh_sha256_both_files,alimeeting_source,1639223390000000000,184,796825324,1639223390000000000,184,672959560
legacy_asr:AliMeeting/Train_Ali_far/textgrid_dir/R1019_M4051.TextGrid,alimeeting_far_raw:Train_Ali_far/textgrid_dir/R1019_M4051.TextGrid,91464,632ea6d91210cc63591bac8a3f9ce8b2df1bc6e7d3e297961e456f7a2affc456,fresh_sha256_both_files,alimeeting_source,1639223389000000000,184,796825310,1639223389000000000,184,672959546
legacy_asr:AliMeeting/Train_Ali_far/textgrid_dir/R2108_M3210.TextGrid,alimeeting_far_raw:Train_Ali_far/textgrid_dir/R2108_M3210.TextGrid,91441,314d3a6a20dffded06e2c10eaac872c3b47b7ce548993282869936a9660b6437,fresh_sha256_both_files,alimeeting_source,1639223392000000000,184,796890884,1639223392000000000,184,672959585
legacy_asr:AliMeeting/Train_Ali_far/textgrid_dir/R1019_M4039.TextGrid,alimeeting_far_raw:Train_Ali_far/textgrid_dir/R1019_M4039.TextGrid,90373,fca36e98ed56e672953f8626ddca25c495583355574eed6a5fbdb549ec0ea2f5,fresh_sha256_both_files,alimeeting_source,1639223389000000000,184,796825307,1639223389000000000,184,672959543
legacy_asr:AliMeeting/Eval_Ali/Eval_Ali_far/textgrid_dir/R8007_M8011.TextGrid,alimeeting_far_raw:Eval_Ali_far/textgrid_dir/R8007_M8011.TextGrid,89858,4baea9f7b9ef4182c4fceeb3a10d0ea966359b214fa04ae54434fab084b8c316,fresh_sha256_both_files,alimeeting_source,1639223588000000000,184,796973831,1639223588000000000,184,268633829
legacy_asr:AliMeeting/Train_Ali_far/textgrid_dir/R1019_M4055.TextGrid,alimeeting_far_raw:Train_Ali_far/textgrid_dir/R1019_M4055.TextGrid,89524,72d70144ea280cbd93189acb0a2c4413010185c6e9d364fb6cb96c38456dfce8,fresh_sha256_both_files,alimeeting_source,1639223389000000000,184,796825312,1639223389000000000,184,672959548
legacy_asr:AliMeeting/Train_Ali_far/textgrid_dir/R0008_M0071.TextGrid,alimeeting_far_raw:Train_Ali_far/textgrid_dir/R0008_M0071.TextGrid,89469,ee44e762761a72b51bfbe08247f51b20b8e5823d9f860b4dca4cc5691d8e0970,fresh_sha256_both_files,alimeeting_source,1639223380000000000,184,796825171,1639223380000000000,184,672893872
legacy_asr:AliMeeting/Train_Ali_far/textgrid_dir/R1021_M4032.TextGrid,alimeeting_far_raw:Train_Ali_far/textgrid_dir/R1021_M4032.TextGrid,89391,16c26cbb964c6bb42a0d61d9d38c8215b8526b5c58dac26fa71493dc0c26319e,fresh_sha256_both_files,alimeeting_source,1639223391000000000,184,796825332,1639223391000000000,184,672959569
legacy_asr:AliMeeting/Train_Ali_far/textgrid_dir/R1021_M1938.TextGrid,alimeeting_far_raw:Train_Ali_far/textgrid_dir/R1021_M1938.TextGrid,88948,a275315c1c16eca2729a328b997414591b83ea917057764777aba3500efc3300,fresh_sha256_both_files,alimeeting_source,1639223390000000000,184,796825323,1639223390000000000,184,672959559
legacy_asr:AliMeeting/Train_Ali_far/textgrid_dir/R2108_M3230.TextGrid,alimeeting_far_raw:Train_Ali_far/textgrid_dir/R2108_M3230.TextGrid,88710,08d13c7440b14f89fb8f6907eee206705705bfad1bde785424af09e6cd687868,fresh_sha256_both_files,alimeeting_source,1639223392000000000,184,796890887,1639223392000000000,184,672959588
legacy_asr:AliMeeting/Eval_Ali/Eval_Ali_far/textgrid_dir/R8009_M8020.TextGrid,alimeeting_far_raw:Eval_Ali_far/textgrid_dir/R8009_M8020.TextGrid,88614,6d82a5c11a1d237b8f462aeca2844dd969b5b473e13b7fa2bb45722a2f12e032,fresh_sha256_both_files,alimeeting_source,1639223588000000000,184,796973834,1639223588000000000,184,268633834
legacy_asr:AliMeeting/Train_Ali_far/textgrid_dir/R2105_M3175.TextGrid,alimeeting_far_raw:Train_Ali_far/textgrid_dir/R2105_M3175.TextGrid,88174,b9438f5c3eeb34093f87d8bc93e0ec2078a4f2a4b71b03c1c99f48ec9f53aa4e,fresh_sha256_both_files,alimeeting_source,1639223391000000000,184,796825342,1639223391000000000,184,672959579
legacy_asr:AliMeeting/Train_Ali_far/textgrid_dir/R2108_M3200.TextGrid,alimeeting_far_raw:Train_Ali_far/textgrid_dir/R2108_M3200.TextGrid,87926,eaa68fd80822f351b0bcfea9cfa34067910bd17d9067a5e26b5d2d701f36b3d4,fresh_sha256_both_files,alimeeting_source,1639223391000000000,184,796890882,1639223391000000000,184,672959583
legacy_asr:AliMeeting/Train_Ali_far/textgrid_dir/R1019_M4021.TextGrid,alimeeting_far_raw:Train_Ali_far/textgrid_dir/R1019_M4021.TextGrid,87536,f2b74e89c980ee935cf741ab2ca6b89605920af29b64136294d929d838fe4ac2,fresh_sha256_both_files,alimeeting_source,1639223388000000000,184,796825300,1639223388000000000,184,672959536
legacy_asr:AliMeeting/Train_Ali_far/textgrid_dir/R2108_M3199.TextGrid,alimeeting_far_raw:Train_Ali_far/textgrid_dir/R2108_M3199.TextGrid,87210,06703ebda3d071bde41b73df67db0b45ef469b4a82af9a311dc8ab9935afb546,fresh_sha256_both_files,alimeeting_source,1639223391000000000,184,796890881,1639223391000000000,184,672959582
legacy_asr:AliMeeting/Train_Ali_far/textgrid_dir/R0004_M0028.TextGrid,alimeeting_far_raw:Train_Ali_far/textgrid_dir/R0004_M0028.TextGrid,87194,33687727891fd518f5d12e7e65513f698ab034c6b688d8ac45007829393fe483,fresh_sha256_both_files,alimeeting_source,1639223379000000000,184,796825153,1639223379000000000,184,672893854
legacy_asr:AliMeeting/Train_Ali_far/textgrid_dir/R1019_M1981.TextGrid,alimeeting_far_raw:Train_Ali_far/textgrid_dir/R1019_M1981.TextGrid,86859,75ab363108bf5e6ff273bbe05c755d53e031c9e648794968a199f99c838e8750,fresh_sha256_both_files,alimeeting_source,1639223388000000000,184,796825284,1639223388000000000,184,672959521
legacy_asr:AliMeeting/Train_Ali_far/textgrid_dir/R1019_M4070.TextGrid,alimeeting_far_raw:Train_Ali_far/textgrid_dir/R1019_M4070.TextGrid,86795,ef19975171be5984f8eade5df6fa91de389d1db6098aaa1e6b06e5557de62e7c,fresh_sha256_both_files,alimeeting_source,1639223390000000000,184,796825317,1639223390000000000,184,672959553
legacy_asr:AliMeeting/Train_Ali_far/textgrid_dir/R1019_M4057.TextGrid,alimeeting_far_raw:Train_Ali_far/textgrid_dir/R1019_M4057.TextGrid,86602,e3b9c4d33a42a4df714b38cd60744faa5741d8a807473a015650f0132fbfe0e0,fresh_sha256_both_files,alimeeting_source,1639223389000000000,184,796825314,1639223389000000000,184,672959550
legacy_asr:AliMeeting/Train_Ali_far/textgrid_dir/R1021_M4025.TextGrid,alimeeting_far_raw:Train_Ali_far/textgrid_dir/R1021_M4025.TextGrid,86459,44530ebfda8ffc604a5b6afbce5ec85e9faca6704f2126d262f423be61ac5ba7,fresh_sha256_both_files,alimeeting_source,1639223391000000000,184,796825331,1639223391000000000,184,672959568
legacy_asr:AliMeeting/Train_Ali_far/textgrid_dir/R1019_M4020.TextGrid,alimeeting_far_raw:Train_Ali_far/textgrid_dir/R1019_M4020.TextGrid,86328,6a2b6abf13a4e85582e958e66ecc1a05860580a9c20dce08ad61e651b3286d29,fresh_sha256_both_files,alimeeting_source,1639223388000000000,184,796825299,1639223388000000000,184,672959535
legacy_asr:AliMeeting/Train_Ali_far/textgrid_dir/R1021_M4062.TextGrid,alimeeting_far_raw:Train_Ali_far/textgrid_dir/R1021_M4062.TextGrid,86227,feddda01fefd4a38cb2b0926abcfc23a36058e6def3cb84b6130b7b74520aebc,fresh_sha256_both_files,alimeeting_source,1639223391000000000,184,796825333,1639223391000000000,184,672959570
legacy_asr:AliMeeting/Train_Ali_far/textgrid_dir/R1019_M4063.TextGrid,alimeeting_far_raw:Train_Ali_far/textgrid_dir/R1019_M4063.TextGrid,86066,9699207a9a79ac435decb16dcfd3cb56b5ad7c4a65fb7ed8722a33b60ac05fee,fresh_sha256_both_files,alimeeting_source,1639223390000000000,184,796825316,1639223390000000000,184,672959552
legacy_asr:AliMeeting/Train_Ali_far/textgrid_dir/R1021_M4080.TextGrid,alimeeting_far_raw:Train_Ali_far/textgrid_dir/R1021_M4080.TextGrid,85791,2e01d43b7f0749c0792ae09b177dce7456a48f6813c3bf485b2a6fe75137df31,fresh_sha256_both_files,alimeeting_source,1639223391000000000,184,796825336,1639223391000000000,184,672959573
legacy_asr:AliMeeting/Train_Ali_far/textgrid_dir/R1021_M1933.TextGrid,alimeeting_far_raw:Train_Ali_far/textgrid_dir/R1021_M1933.TextGrid,85725,fb381a0a6dac30f084f21cbef8405fc033eaa8c80938de2e320fe5486ed2064d,fresh_sha256_both_files,alimeeting_source,1639223390000000000,184,796825321,1639223390000000000,184,672959557
legacy_asr:AliMeeting/Train_Ali_far/textgrid_dir/R1019_M1993.TextGrid,alimeeting_far_raw:Train_Ali_far/textgrid_dir/R1019_M1993.TextGrid,84997,a35d7e91c93284b55d316c5c22b4a90481300ad31bf2cda0fded3732c034265d,fresh_sha256_both_files,alimeeting_source,1639223388000000000,184,796825287,1639223388000000000,184,672959524
legacy_asr:AliMeeting/Train_Ali_far/textgrid_dir/R0015_M0144.TextGrid,alimeeting_far_raw:Train_Ali_far/textgrid_dir/R0015_M0144.TextGrid,84807,f9df1a33446f805d89e53e7e6aec5c8e8edbdff905cf7ebd0a8e667ff268cd2a,fresh_sha256_both_files,alimeeting_source,1639223384000000000,184,796825229,1639223384000000000,184,672893930
legacy_asr:AliMeeting/Train_Ali_far/textgrid_dir/R1019_M1979.TextGrid,alimeeting_far_raw:Train_Ali_far/textgrid_dir/R1019_M1979.TextGrid,84743,a2a2e26be4b750bb3bd5a7975fa843f40559fc0ffa2be5c524542c1feebade54,fresh_sha256_both_files,alimeeting_source,1639223387000000000,184,796825283,1639223387000000000,184,672959520
legacy_asr:AliMeeting/Train_Ali_far/textgrid_dir/R1019_M4033.TextGrid,alimeeting_far_raw:Train_Ali_far/textgrid_dir/R1019_M4033.TextGrid,84684,48a7f6897a228213f074b77332be861802fad7443b1cce8fc785b3f6666c94a8,fresh_sha256_both_files,alimeeting_source,1639223389000000000,184,796825305,1639223389000000000,184,672959541
legacy_asr:AliMeeting/Train_Ali_far/textgrid_dir/R1021_M4012.TextGrid,alimeeting_far_raw:Train_Ali_far/textgrid_dir/R1021_M4012.TextGrid,84376,de5a34c1210a46c0497c00af9796567f508151c8e8e18c9f19fd40c3c1275cbd,fresh_sha256_both_files,alimeeting_source,1639223390000000000,184,796825330,1639223390000000000,184,672959567
legacy_asr:AliMeeting/Train_Ali_far/textgrid_dir/R1019_M1953.TextGrid,alimeeting_far_raw:Train_Ali_far/textgrid_dir/R1019_M1953.TextGrid,83926,9f1ded683674e2ac4d01de62b8b0973abd67415d84cce5a8c63b92b59e23b002,fresh_sha256_both_files,alimeeting_source,1639223387000000000,184,796825271,1639223387000000000,184,672959508
legacy_asr:AliMeeting/Train_Ali_far/textgrid_dir/R1019_M4004.TextGrid,alimeeting_far_raw:Train_Ali_far/textgrid_dir/R1019_M4004.TextGrid,83849,4bc3b78cf88cff218908a05c4e2e77407e0768769384e866febc66a79608a146,fresh_sha256_both_files,alimeeting_source,1639223388000000000,184,796825288,1639223388000000000,184,672959528
legacy_asr:AliMeeting/Train_Ali_far/textgrid_dir/R1019_M1998.TextGrid,alimeeting_far_raw:Train_Ali_far/textgrid_dir/R1019_M1998.TextGrid,83217,75b8a21714953e59556050427632660ca08cbdbdbd3c52efad91e5945540ca87,fresh_sha256_both_files,alimeeting_source,1639223388000000000,184,796825291,1639223388000000000,184,672959527
legacy_asr:AliMeeting/Train_Ali_far/textgrid_dir/R1019_M4015.TextGrid,alimeeting_far_raw:Train_Ali_far/textgrid_dir/R1019_M4015.TextGrid,82158,1ac4bee2c25c8081037cde4e3da182f4900fd51c69b529b144ae66de90679eb3,fresh_sha256_both_files,alimeeting_source,1639223388000000000,184,796825297,1639223388000000000,184,672959533
legacy_asr:AliMeeting/Train_Ali_far/textgrid_dir/R1019_M1945.TextGrid,alimeeting_far_raw:Train_Ali_far/textgrid_dir/R1019_M1945.TextGrid,81652,ce53bafc4f09eec25a712f5a0b3fc65f37a0696146b9bdd809a5d55d50cdd170,fresh_sha256_both_files,alimeeting_source,1639223386000000000,184,796825266,1639223386000000000,184,672959503
legacy_asr:AliMeeting/Train_Ali_far/textgrid_dir/R1019_M1977.TextGrid,alimeeting_far_raw:Train_Ali_far/textgrid_dir/R1019_M1977.TextGrid,80908,33bff05bc6f98d6310ac1384fad19150bef4a2f14d26ae19eeb8741f74ba6bd9,fresh_sha256_both_files,alimeeting_source,1639223387000000000,184,796825282,1639223387000000000,184,672959519
legacy_asr:AliMeeting/Eval_Ali/Eval_Ali_far/textgrid_dir/R8003_M8001.TextGrid,alimeeting_far_raw:Eval_Ali_far/textgrid_dir/R8003_M8001.TextGrid,80400,a015bbcc642596ad8e40de7578208510e920832d15320aa109a0e9e3256d7235,fresh_sha256_both_files,alimeeting_source,1639223588000000000,184,796973830,1639223588000000000,184,268633826
legacy_asr:AliMeeting/Eval_Ali/Eval_Ali_far/textgrid_dir/R8008_M8013.TextGrid,alimeeting_far_raw:Eval_Ali_far/textgrid_dir/R8008_M8013.TextGrid,79663,b0f938c81b95728bd38f7aec655f6804ca4dcc3182bb0facb8d05a9a84293869,fresh_sha256_both_files,alimeeting_source,1639223588000000000,184,796973832,1639223588000000000,184,268633832
legacy_asr:AliMeeting/Train_Ali_far/textgrid_dir/R1019_M4041.TextGrid,alimeeting_far_raw:Train_Ali_far/textgrid_dir/R1019_M4041.TextGrid,79515,8836c58c72b20648ddb6a89395eee15a7a2283de6eada95868566babbdc010b9,fresh_sha256_both_files,alimeeting_source,1639223389000000000,184,796825308,1639223389000000000,184,672959544
legacy_asr:AliMeeting/Train_Ali_far/textgrid_dir/R1019_M1929.TextGrid,alimeeting_far_raw:Train_Ali_far/textgrid_dir/R1019_M1929.TextGrid,79101,83d688bb4f8f70792f32da286be8edb10e8528c63aa17cc693578b5fe9b4be8d,fresh_sha256_both_files,alimeeting_source,1639223386000000000,184,796825265,1639223386000000000,184,672959502
legacy_asr:AliMeeting/Train_Ali_far/textgrid_dir/R1019_M1995.TextGrid,alimeeting_far_raw:Train_Ali_far/textgrid_dir/R1019_M1995.TextGrid,79017,9d89c96e60aa97e1769d9333836826eeda77c227738c9ba8ab962610d545e2a3,fresh_sha256_both_files,alimeeting_source,1639223388000000000,184,796825289,1639223388000000000,184,672959525
legacy_asr:AliMeeting/Train_Ali_far/textgrid_dir/R1019_M4075.TextGrid,alimeeting_far_raw:Train_Ali_far/textgrid_dir/R1019_M4075.TextGrid,79017,7f24ce317fa6de2e326fa25371844ff163fbc2a36068d5a262a6db7471dc089d,fresh_sha256_both_files,alimeeting_source,1639223390000000000,184,796825313,1639223390000000000,184,672959555
legacy_asr:AliMeeting/Train_Ali_far/textgrid_dir/R1019_M4011.TextGrid,alimeeting_far_raw:Train_Ali_far/textgrid_dir/R1019_M4011.TextGrid,78621,3844aa13dadf0a14a6726d79de5ce9f7495f9758ae2ac7997b58e729f2258ad9,fresh_sha256_both_files,alimeeting_source,1639223388000000000,184,796825294,1639223388000000000,184,672959531
legacy_asr:AliMeeting/Train_Ali_far/textgrid_dir/R2108_M2692.TextGrid,alimeeting_far_raw:Train_Ali_far/textgrid_dir/R2108_M2692.TextGrid,78355,486b4f2fb3606198fd275f53f8aa3c9bfe51c6df5d6ae15dd6c1cf4725264a39,fresh_sha256_both_files,alimeeting_source,1639223391000000000,184,796890880,1639223391000000000,184,672959581
legacy_asr:AliMeeting/Train_Ali_far/textgrid_dir/R1019_M1997.TextGrid,alimeeting_far_raw:Train_Ali_far/textgrid_dir/R1019_M1997.TextGrid,77100,45c44286832eede74ce9f11eebb4c2f8ffa4af5295e4170d5358185582579636,fresh_sha256_both_files,alimeeting_source,1639223388000000000,184,796825290,1639223388000000000,184,672959526
legacy_asr:AliMeeting/Train_Ali_far/textgrid_dir/R1019_M1928.TextGrid,alimeeting_far_raw:Train_Ali_far/textgrid_dir/R1019_M1928.TextGrid,76896,6ac9e636150df3b096b9c5d5fc27575ac63b40e33de72be53a5113d0d14f8406,fresh_sha256_both_files,alimeeting_source,1639223386000000000,184,796825264,1639223386000000000,184,672959501
legacy_asr:AliMeeting/Eval_Ali/Eval_Ali_far/textgrid_dir/R8001_M8004.TextGrid,alimeeting_far_raw:Eval_Ali_far/textgrid_dir/R8001_M8004.TextGrid,76496,e5fe941174fe4140bb5923b7caf2cbdd68d8d2a86086e4f00c68afc90d09dbad,fresh_sha256_both_files,alimeeting_source,1639223588000000000,184,796973828,1639223588000000000,184,268633825
legacy_asr:AliMeeting/Train_Ali_far/textgrid_dir/R1021_M1944.TextGrid,alimeeting_far_raw:Train_Ali_far/textgrid_dir/R1021_M1944.TextGrid,75036,07fb8525e425d53c7272b442d6752f8517bf54eecef87040c52a953d637490c3,fresh_sha256_both_files,alimeeting_source,1639223390000000000,184,796825325,1639223390000000000,184,672959562
legacy_asr:LHOTSE/data_aishell2/data/manifests/aishell2_recordings_test.jsonl.gz,legacy_asr:data_aishell2/lhotse/hotwords/aishell2_recordings_test.jsonl.gz,74276,ebbc3416e2a38713921e6b65008eb3009db05d62dc2274afc0b910a920c1096c,fresh_sha256_both_files,direct_artifact,1773387606948143696,184,256652704,1777012146759449000,184,225686499
legacy_asr:AliMeeting/Train_Ali_far/textgrid_dir/R0004_M0025.TextGrid,alimeeting_far_raw:Train_Ali_far/textgrid_dir/R0004_M0025.TextGrid,74102,49ab747392725946af8ee03320e7dc86d02454f2b6ca51a2161fbb8317430ea7,fresh_sha256_both_files,alimeeting_source,1639223379000000000,184,796825151,1639223379000000000,184,672893852
legacy_asr:AliMeeting/Train_Ali_far/textgrid_dir/R1019_M1946.TextGrid,alimeeting_far_raw:Train_Ali_far/textgrid_dir/R1019_M1946.TextGrid,73868,a0d584d76a2fbea0da9e4531aae135b3737cdbd20148d0551c34ea93c0306152,fresh_sha256_both_files,alimeeting_source,1639223386000000000,184,796825267,1639223386000000000,184,672959504
legacy_asr:AliMeeting/Train_Ali_far/textgrid_dir/R1019_M1972.TextGrid,alimeeting_far_raw:Train_Ali_far/textgrid_dir/R1019_M1972.TextGrid,73832,d5d3a1e8d035529276919005d00bcf32bbcb60bfacc2f7d80058902f55d77f9b,fresh_sha256_both_files,alimeeting_source,1639223387000000000,184,796825280,1639223387000000000,184,672959517
legacy_asr:AliMeeting/Eval_Ali/Eval_Ali_far/textgrid_dir/R8009_M8018.TextGrid,alimeeting_far_raw:Eval_Ali_far/textgrid_dir/R8009_M8018.TextGrid,72975,be91df9d87f0f988ade6d1b2fdba82f4533a4e994fb22f8935f27b4bd7d0300e,fresh_sha256_both_files,alimeeting_source,1639223588000000000,184,796973833,1639223588000000000,184,268633830
legacy_asr:AliMeeting/Train_Ali_far/textgrid_dir/R1019_M1956.TextGrid,alimeeting_far_raw:Train_Ali_far/textgrid_dir/R1019_M1956.TextGrid,72484,a224f866288201ede61edef30c49e366d69d10d3372d71c745be2d16b8e24259,fresh_sha256_both_files,alimeeting_source,1639223387000000000,184,796825273,1639223387000000000,184,672959510
legacy_asr:AliMeeting/Train_Ali_far/textgrid_dir/R1021_M4078.TextGrid,alimeeting_far_raw:Train_Ali_far/textgrid_dir/R1021_M4078.TextGrid,72334,06fcaca234ea919664124b5930ef94136e7831be40992467eeb5e476bd203381,fresh_sha256_both_files,alimeeting_source,1639223391000000000,184,796825335,1639223391000000000,184,672959572
legacy_asr:AliMeeting/Train_Ali_far/textgrid_dir/R1021_M1961.TextGrid,alimeeting_far_raw:Train_Ali_far/textgrid_dir/R1021_M1961.TextGrid,72193,023efda5e134f919ed23bffbe82017f62d388146f5fc50e073c232aacec186c5,fresh_sha256_both_files,alimeeting_source,1639223390000000000,184,796825328,1639223390000000000,184,672959565
legacy_asr:AliMeeting/Train_Ali_far/textgrid_dir/R1019_M1975.TextGrid,alimeeting_far_raw:Train_Ali_far/textgrid_dir/R1019_M1975.TextGrid,71677,47028ff80f13969b10652324f8c892168206283f1ad83d956a3d466ea0a1d949,fresh_sha256_both_files,alimeeting_source,1639223387000000000,184,796825281,1639223387000000000,184,672959518
legacy_asr:AliMeeting/Train_Ali_far/textgrid_dir/R1019_M4005.TextGrid,alimeeting_far_raw:Train_Ali_far/textgrid_dir/R1019_M4005.TextGrid,71441,727d8a995ca906abafc256eaed238335466cb19f1a4568a5a960c222d43cab80,fresh_sha256_both_files,alimeeting_source,1639223388000000000,184,796825292,1639223388000000000,184,672959529
legacy_asr:AliMeeting/Train_Ali_far/textgrid_dir/R1021_M1986.TextGrid,alimeeting_far_raw:Train_Ali_far/textgrid_dir/R1021_M1986.TextGrid,71233,72de3db81d12bd9d52c7e79c78cc5befdb59bb9387752ef9243159775c097c2c,fresh_sha256_both_files,alimeeting_source,1639223390000000000,184,796825329,1639223390000000000,184,672959566
legacy_asr:AliMeeting/Train_Ali_far/textgrid_dir/R1019_M1965.TextGrid,alimeeting_far_raw:Train_Ali_far/textgrid_dir/R1019_M1965.TextGrid,71060,9a4ce2b4c03a4daa66216ddb850a701f71ca0aa39d6970eeebc0f354590b65df,fresh_sha256_both_files,alimeeting_source,1639223387000000000,184,796825276,1639223387000000000,184,672959513
legacy_asr:AliMeeting/Train_Ali_far/textgrid_dir/R1019_M1969.TextGrid,alimeeting_far_raw:Train_Ali_far/textgrid_dir/R1019_M1969.TextGrid,71027,610767547dcc069ae0da9c947cbd601a813349927acf165b3e123b57bf0bd8c4,fresh_sha256_both_files,alimeeting_source,1639223387000000000,184,796825278,1639223387000000000,184,672959515
legacy_asr:AliMeeting/Train_Ali_far/textgrid_dir/R1019_M4059.TextGrid,alimeeting_far_raw:Train_Ali_far/textgrid_dir/R1019_M4059.TextGrid,70219,58b0ca17875c89961ba2a318aa512bba5757129a1f837ed89fae503259c45313,fresh_sha256_both_files,alimeeting_source,1639223389000000000,184,796825315,1639223389000000000,184,672959551
legacy_asr:AliMeeting/Train_Ali_far/textgrid_dir/R1021_M4082.TextGrid,alimeeting_far_raw:Train_Ali_far/textgrid_dir/R1021_M4082.TextGrid,70132,2eea60f546a38d928a536b99d8a5985ebc124973d6d41522a8c9b9f499423e00,fresh_sha256_both_files,alimeeting_source,1639223391000000000,184,796825337,1639223391000000000,184,672959574
legacy_asr:AliMeeting/Train_Ali_far/textgrid_dir/R1021_M4073.TextGrid,alimeeting_far_raw:Train_Ali_far/textgrid_dir/R1021_M4073.TextGrid,69837,a265e70719173c34042c38cf044796f18de35bf742a659b8500b9a1cd85cd55b,fresh_sha256_both_files,alimeeting_source,1639223391000000000,184,796825334,1639223391000000000,184,672959571
legacy_asr:AliMeeting/Train_Ali_far/textgrid_dir/R1019_M1967.TextGrid,alimeeting_far_raw:Train_Ali_far/textgrid_dir/R1019_M1967.TextGrid,67579,aec4a327cc04a8bd3b607aafe9590d6e812f6921d2ecad6020d4f4b8ba8a0947,fresh_sha256_both_files,alimeeting_source,1639223387000000000,184,796825277,1639223387000000000,184,672959514
legacy_asr:AliMeeting/Train_Ali_far/textgrid_dir/R1021_M4083.TextGrid,alimeeting_far_raw:Train_Ali_far/textgrid_dir/R1021_M4083.TextGrid,67442,4958adc60006c8279900f845f2b23646946aca7f394e0883834fe4d641d64023,fresh_sha256_both_files,alimeeting_source,1639223391000000000,184,796825338,1639223391000000000,184,672959575
legacy_asr:AliMeeting/Train_Ali_far/textgrid_dir/R1019_M1960.TextGrid,alimeeting_far_raw:Train_Ali_far/textgrid_dir/R1019_M1960.TextGrid,67328,1d71fc87c23e3ef06fab19b29517a5811308726197d359f35c1a2e9e0b4d5959,fresh_sha256_both_files,alimeeting_source,1639223387000000000,184,796825274,1639223387000000000,184,672959511
legacy_asr:AliMeeting/Train_Ali_far/textgrid_dir/R1019_M1954.TextGrid,alimeeting_far_raw:Train_Ali_far/textgrid_dir/R1019_M1954.TextGrid,66389,fc5d8192c6f6327392affe89b6f37061a79577add86025e8aeff174eb61654e2,fresh_sha256_both_files,alimeeting_source,1639223387000000000,184,796825272,1639223387000000000,184,672959509
legacy_asr:AliMeeting/Train_Ali_far/textgrid_dir/R2108_M3225.TextGrid,alimeeting_far_raw:Train_Ali_far/textgrid_dir/R2108_M3225.TextGrid,66000,62c64ba0664e1ba82d08744f34459f413e8a42ef93420290e87c988221e7f38d,fresh_sha256_both_files,alimeeting_source,1639223392000000000,184,796890886,1639223392000000000,184,672959587
legacy_asr:AliMeeting/Train_Ali_far/textgrid_dir/R1021_M1935.TextGrid,alimeeting_far_raw:Train_Ali_far/textgrid_dir/R1021_M1935.TextGrid,65321,dfe4c5a91a3fa0871dfbd82a0707a1a5c14e438f5c87126dec7d21ccc00c4a8e,fresh_sha256_both_files,alimeeting_source,1639223390000000000,184,796825322,1639223390000000000,184,672959558
legacy_asr:AliMeeting/Train_Ali_far/textgrid_dir/R1019_M1950.TextGrid,alimeeting_far_raw:Train_Ali_far/textgrid_dir/R1019_M1950.TextGrid,65243,96bff2586419b6e51359cabf16633d96f52099b798f968a65eac2e242a4e7ddd,fresh_sha256_both_files,alimeeting_source,1639223387000000000,184,796825270,1639223387000000000,184,672959507
legacy_asr:AliMeeting/Train_Ali_far/textgrid_dir/R1019_M1963.TextGrid,alimeeting_far_raw:Train_Ali_far/textgrid_dir/R1019_M1963.TextGrid,65022,abc52c6456f55cc91bc02cec76ed86e94a1db08c87631059785568569fd61ef9,fresh_sha256_both_files,alimeeting_source,1639223387000000000,184,796825275,1639223387000000000,184,672959512
legacy_asr:AliMeeting/Train_Ali_far/textgrid_dir/R2105_M3164.TextGrid,alimeeting_far_raw:Train_Ali_far/textgrid_dir/R2105_M3164.TextGrid,64614,07c2918e7649535f1e4e622d158448abcdbd0a56743441cfb76851db18804652,fresh_sha256_both_files,alimeeting_source,1639223391000000000,184,796825341,1639223391000000000,184,672959578
legacy_asr:AliMeeting/Train_Ali_far/textgrid_dir/R1019_M1987.TextGrid,alimeeting_far_raw:Train_Ali_far/textgrid_dir/R1019_M1987.TextGrid,64579,ee4f2f4cc8ccfec1aa0bed476a1b42c8315803f6815194392c1389aa8c1b7a43,fresh_sha256_both_files,alimeeting_source,1639223388000000000,184,796825285,1639223388000000000,184,672959522
legacy_asr:AliMeeting/Train_Ali_far/textgrid_dir/R2108_M3223.TextGrid,alimeeting_far_raw:Train_Ali_far/textgrid_dir/R2108_M3223.TextGrid,62363,4def337928c8538cbb50cf2d40c3ebbfb269fce4fa9f6c67f18ea7aec566fd10,fresh_sha256_both_files,alimeeting_source,1639223392000000000,184,796890885,1639223392000000000,184,672959586
legacy_asr:AliMeeting/Train_Ali_far/textgrid_dir/R2108_M3244.TextGrid,alimeeting_far_raw:Train_Ali_far/textgrid_dir/R2108_M3244.TextGrid,61650,4f2b1c151e8fee6ff346a009fd193c9d1ba64b6f6f3f6cd2d6e7f42cadfdde61,fresh_sha256_both_files,alimeeting_source,1639223392000000000,184,796890890,1639223392000000000,184,672959590
legacy_asr:AliMeeting/Train_Ali_far/textgrid_dir/R2108_M3243.TextGrid,alimeeting_far_raw:Train_Ali_far/textgrid_dir/R2108_M3243.TextGrid,60737,124e8539d50e01637d4e40f6ad52b3fe6259ed575f6002053410097ee5a8d800,fresh_sha256_both_files,alimeeting_source,1639223392000000000,184,796890888,1639223392000000000,184,672959589
legacy_asr:AliMeeting/Train_Ali_far/textgrid_dir/R2105_M3318.TextGrid,alimeeting_far_raw:Train_Ali_far/textgrid_dir/R2105_M3318.TextGrid,58999,831acde8312585ee9735433b4dfb44c6e6d362cd4300ad160f8ee396302a9168,fresh_sha256_both_files,alimeeting_source,1639223391000000000,184,796825343,1639223391000000000,184,672959580
legacy_asr:AliMeeting/Train_Ali_far/textgrid_dir/R0015_M0133.TextGrid,alimeeting_far_raw:Train_Ali_far/textgrid_dir/R0015_M0133.TextGrid,58811,858951e20d3015eb6b457c66fbdd590c725e0ea7f52ea2f7de002a07d45bb586,fresh_sha256_both_files,alimeeting_source,1639223383000000000,184,796825220,1639223383000000000,184,672893921
legacy_asr:AliMeeting/Train_Ali_far/textgrid_dir/R0020_M0179.TextGrid,alimeeting_far_raw:Train_Ali_far/textgrid_dir/R0020_M0179.TextGrid,57521,c244bd6495a38e2113c63363b57cf1accb17c6874de49487cda96b7673493df8,fresh_sha256_both_files,alimeeting_source,1639223386000000000,184,796825255,1639223386000000000,184,672959492
legacy_asr:AliMeeting/Train_Ali_far/textgrid_dir/R0015_M0135.TextGrid,alimeeting_far_raw:Train_Ali_far/textgrid_dir/R0015_M0135.TextGrid,57269,55c72d33c6e10d80b5d6fee33bb177a35666a8fc972c18899732cc893e082738,fresh_sha256_both_files,alimeeting_source,1639223384000000000,184,796825222,1639223384000000000,184,672893923
legacy_asr:AliMeeting/Train_Ali_far/textgrid_dir/R0020_M0176.TextGrid,alimeeting_far_raw:Train_Ali_far/textgrid_dir/R0020_M0176.TextGrid,56303,e298f76d95151f231267207f0d0984d722e941b26374e4836a5ad5c53224c55d,fresh_sha256_both_files,alimeeting_source,1639223386000000000,184,796825253,1639223386000000000,184,672959490
legacy_asr:LHOTSE/Voices-in-the-Wild-Bench/data/manifests/vitw_syn_mixed_supervisions.jsonl.gz,legacy_asr:Voices-in-the-Wild-Bench/manifests/vitw_syn_mixed_supervisions.jsonl.gz,55485,d7d46235b44a82eb3a793742bc26720707a97285870ffe6f085ce2945a8f1909,fresh_sha256_both_files,direct_artifact,1780045142247764000,184,712489677,1779346806496522984,184,711019471
legacy_asr:AliMeeting/Train_Ali_far/textgrid_dir/R0004_M0018.TextGrid,alimeeting_far_raw:Train_Ali_far/textgrid_dir/R0004_M0018.TextGrid,54734,0d80d0ec5e8d158450cce938270ef9ce972ec44b11c6482ab95aa1981616cefc,fresh_sha256_both_files,alimeeting_source,1639223379000000000,184,796825149,1639223379000000000,184,672893850
legacy_asr:AliMeeting/Train_Ali_far/textgrid_dir/R2108_M3206.TextGrid,alimeeting_far_raw:Train_Ali_far/textgrid_dir/R2108_M3206.TextGrid,42433,8343bfd41c4d24f72c17fb1458488f40344c50f3bd31c1f584ae01037ca7c77f,fresh_sha256_both_files,alimeeting_source,1639223392000000000,184,796890883,1639223392000000000,184,672959584
legacy_asr:LHOTSE/Voices-in-the-Wild-Bench/data/manifests/vitw_real_mixed_supervisions.jsonl.gz,legacy_asr:Voices-in-the-Wild-Bench/manifests/vitw_real_mixed_supervisions.jsonl.gz,24455,e8b38199662d8707efc648a15afca08f7c65ed33ea87497d22989e95845a470f,fresh_sha256_both_files,direct_artifact,1780045142228479000,184,712489661,1779346802718443904,184,711019275
legacy_asr:LHOTSE/Voices-in-the-Wild-Bench/data/manifests/vitw_syn_recording_supervisions.jsonl.gz,legacy_asr:Voices-in-the-Wild-Bench/manifests/vitw_syn_recording_supervisions.jsonl.gz,20545,f4a90ca83ec1a1d0df05885fcca5caa4176fdc485f394a17a3c179fe6b70c3c0,fresh_sha256_both_files,direct_artifact,1780045142252971000,184,712489683,1779346807781438598,184,711019477
legacy_asr:LHOTSE/Voices-in-the-Wild-Bench/data/manifests/vitw_syn_far_field_supervisions.jsonl.gz,legacy_asr:Voices-in-the-Wild-Bench/manifests/vitw_syn_far_field_supervisions.jsonl.gz,20237,509362eba81570c4e6159176610eceacde06eeb655c55a9d36d6a7da22955914,fresh_sha256_both_files,direct_artifact,1780045142246051000,184,712489675,1779346805218924275,184,711019469
legacy_asr:LHOTSE/Voices-in-the-Wild-Bench/data/manifests/vitw_syn_dropout_supervisions.jsonl.gz,legacy_asr:Voices-in-the-Wild-Bench/manifests/vitw_syn_dropout_supervisions.jsonl.gz,20175,e8c404b020dc6b05e8c71eb4cf7b3447a25c78e7ffeb59358677af501a93b66e,fresh_sha256_both_files,direct_artifact,1780045142241108000,184,712489671,1779346804270195543,184,711019465
legacy_asr:LHOTSE/Voices-in-the-Wild-Bench/data/manifests/vitw_syn_obstructed_supervisions.jsonl.gz,legacy_asr:Voices-in-the-Wild-Bench/manifests/vitw_syn_obstructed_supervisions.jsonl.gz,20167,bd815fca57534594f96159c766960edba2ca7855913d1b3015a71c833296773d,fresh_sha256_both_files,direct_artifact,1780045142250887000,184,712489681,1779346807345909108,184,711019475
legacy_asr:LHOTSE/Voices-in-the-Wild-Bench/data/manifests/vitw_syn_distortion_supervisions.jsonl.gz,legacy_asr:Voices-in-the-Wild-Bench/manifests/vitw_syn_distortion_supervisions.jsonl.gz,20161,58cde60c24c73e63c4d72432e9d9c7c02e423c7d053973d41a6aa2e49e3c4971,fresh_sha256_both_files,direct_artifact,1780045142237441000,184,712489669,1779346803953780468,184,711019463
legacy_asr:LHOTSE/Voices-in-the-Wild-Bench/data/manifests/vitw_syn_echo_supervisions.jsonl.gz,legacy_asr:Voices-in-the-Wild-Bench/manifests/vitw_syn_echo_supervisions.jsonl.gz,20038,0d4a5964d860281370298cd62b08438a29433d9299536f54880f4e2a126972ef,fresh_sha256_both_files,direct_artifact,1780045142242936000,184,712489673,1779346804801372973,184,711019467
legacy_asr:LHOTSE/Voices-in-the-Wild-Bench/data/manifests/vitw_syn_noise_supervisions.jsonl.gz,legacy_asr:Voices-in-the-Wild-Bench/manifests/vitw_syn_noise_supervisions.jsonl.gz,19756,a969e61392c08d5fbd6a92b5b2d648de2c61cfe3f31b4af3982cbdafee39e6b0,fresh_sha256_both_files,direct_artifact,1780045142249449000,184,712489679,1779346806981398187,184,711019473
legacy_asr:LHOTSE/Voices-in-the-Wild-Bench/data/manifests/vitw_syn_mixed_recordings.jsonl.gz,legacy_asr:Voices-in-the-Wild-Bench/manifests/vitw_syn_mixed_recordings.jsonl.gz,14299,2a562ee912d345e4623cfbfcafe3a27b8887759a8f7b4a19f4d669a87bfea8d2,fresh_sha256_both_files,direct_artifact,1780045142246944000,184,712489676,1779346806479834557,184,711019470
legacy_asr:LHOTSE/Voices-in-the-Wild-Bench/data/manifests/vitw_real_noise_supervisions.jsonl.gz,legacy_asr:Voices-in-the-Wild-Bench/manifests/vitw_real_noise_supervisions.jsonl.gz,9423,dd6c342a79a7f4f938347b25a2ebdc1493dec141732a075a63a4d200ce9e6ed8,fresh_sha256_both_files,direct_artifact,1780045142231657000,184,712489663,1779346803171658638,184,711019281
legacy_asr:LHOTSE/Voices-in-the-Wild-Bench/data/manifests/vitw_real_obstructed_supervisions.jsonl.gz,legacy_asr:Voices-in-the-Wild-Bench/manifests/vitw_real_obstructed_supervisions.jsonl.gz,9243,16c6ee6b053d36db9f53863bc3d7c936a03ddaec953de1d9502249517c9b4288,fresh_sha256_both_files,direct_artifact,1780045142233284000,184,712489665,1779346803400441494,184,710953725
legacy_asr:LHOTSE/Voices-in-the-Wild-Bench/data/manifests/vitw_real_echo_supervisions.jsonl.gz,legacy_asr:Voices-in-the-Wild-Bench/manifests/vitw_real_echo_supervisions.jsonl.gz,9222,c240ed12b7bb2bcb7a1535128d0b7e8694360daa1f8fa7847bc46947bea3a38a,fresh_sha256_both_files,direct_artifact,1780045142222936000,184,712489657,1779346801979612110,184,711019265
legacy_asr:LHOTSE/Voices-in-the-Wild-Bench/data/manifests/vitw_real_dropout_supervisions.jsonl.gz,legacy_asr:Voices-in-the-Wild-Bench/manifests/vitw_real_dropout_supervisions.jsonl.gz,9165,60ff2b81d29a49e69e389becb6a92cf788951dbfd2fdaca7aec867a195d56b8c,fresh_sha256_both_files,direct_artifact,1780045142220276000,184,712489655,1779346801817567571,184,711019307
legacy_asr:LHOTSE/Voices-in-the-Wild-Bench/data/manifests/vitw_real_distortion_supervisions.jsonl.gz,legacy_asr:Voices-in-the-Wild-Bench/manifests/vitw_real_distortion_supervisions.jsonl.gz,9143,4cfd7f09207464eeb06e1ca8336bcdb43d8012f5e40774ad405d3828074cafd8,fresh_sha256_both_files,direct_artifact,1780045142217842000,184,712489653,1779346801640244664,184,711019306
legacy_asr:LHOTSE/Voices-in-the-Wild-Bench/data/manifests/vitw_real_recording_supervisions.jsonl.gz,legacy_asr:Voices-in-the-Wild-Bench/manifests/vitw_real_recording_supervisions.jsonl.gz,9054,9b2445e80f1ed5ed2f6f44f70b3dba88d13c0055e3c9bcc5cd7db75df33c21bb,fresh_sha256_both_files,direct_artifact,1780045142234784000,184,712489667,1779346803565953201,184,711019461
legacy_asr:LHOTSE/Voices-in-the-Wild-Bench/data/manifests/vitw_real_far_field_supervisions.jsonl.gz,legacy_asr:Voices-in-the-Wild-Bench/manifests/vitw_real_far_field_supervisions.jsonl.gz,8923,7c624646868f4ef09652399821400194ca451ef08c2543cab8aedccb53865894,fresh_sha256_both_files,direct_artifact,1780045142224503000,184,712489659,1779346802217702220,184,711019273
legacy_asr:LHOTSE/Voices-in-the-Wild-Bench/data/manifests/vitw_real_mixed_recordings.jsonl.gz,legacy_asr:Voices-in-the-Wild-Bench/manifests/vitw_real_mixed_recordings.jsonl.gz,6419,d9f1ff838e69f77c99b3236ae3e84747fdc5b9742f0720c90404857bd7df30f3,fresh_sha256_both_files,direct_artifact,1780045142227339000,184,712489660,1779346802711124176,184,711019274
legacy_asr:LHOTSE/Voices-in-the-Wild-Bench/data/manifests/vitw_syn_recording_recordings.jsonl.gz,legacy_asr:Voices-in-the-Wild-Bench/manifests/vitw_syn_recording_recordings.jsonl.gz,4795,80207047f4ea114b876d649294fe42247400b25ffbb718d698da261f49fa7518,fresh_sha256_both_files,direct_artifact,1780045142251888000,184,712489682,1779346807775948303,184,711019476
legacy_asr:LHOTSE/Voices-in-the-Wild-Bench/data/manifests/vitw_syn_far_field_recordings.jsonl.gz,legacy_asr:Voices-in-the-Wild-Bench/manifests/vitw_syn_far_field_recordings.jsonl.gz,4754,390bce941370950669c907cf24e45f47e89ded6a779e177170a00bf141420ec8,fresh_sha256_both_files,direct_artifact,1780045142245143000,184,712489674,1779346805213705860,184,711019468
legacy_asr:LHOTSE/Voices-in-the-Wild-Bench/data/manifests/vitw_syn_noise_recordings.jsonl.gz,legacy_asr:Voices-in-the-Wild-Bench/manifests/vitw_syn_noise_recordings.jsonl.gz,4745,cab919e58ccb197df493be5d6aecc52034bb99f28c8bd49e68c25c2b30717662,fresh_sha256_both_files,direct_artifact,1780045142248625000,184,712489678,1779346806976171079,184,711019472
legacy_asr:LHOTSE/Voices-in-the-Wild-Bench/data/manifests/vitw_syn_distortion_recordings.jsonl.gz,legacy_asr:Voices-in-the-Wild-Bench/manifests/vitw_syn_distortion_recordings.jsonl.gz,4744,34b61208b200aedb68ff9afe1f80fe4a11d0b11ef9fc1b78b16aedf6faf25d84,fresh_sha256_both_files,direct_artifact,1780045142236021000,184,712489668,1779346803948469812,184,711019462
legacy_asr:LHOTSE/Voices-in-the-Wild-Bench/data/manifests/vitw_syn_obstructed_recordings.jsonl.gz,legacy_asr:Voices-in-the-Wild-Bench/manifests/vitw_syn_obstructed_recordings.jsonl.gz,4727,40ec03e34ed3c72ac93ab32c638d8a2f59c716ec18d5f5c46432e2487b3467f1,fresh_sha256_both_files,direct_artifact,1780045142250126000,184,712489680,1779346807340627629,184,711019474
legacy_asr:LHOTSE/Voices-in-the-Wild-Bench/data/manifests/vitw_syn_dropout_recordings.jsonl.gz,legacy_asr:Voices-in-the-Wild-Bench/manifests/vitw_syn_dropout_recordings.jsonl.gz,4681,3fca6a5b4884e97cb4a5975430b893167d5f8f521a06853473ace9062635311c,fresh_sha256_both_files,direct_artifact,1780045142238732000,184,712489670,1779346804264905100,184,711019464
legacy_asr:LHOTSE/Voices-in-the-Wild-Bench/data/manifests/vitw_syn_echo_recordings.jsonl.gz,legacy_asr:Voices-in-the-Wild-Bench/manifests/vitw_syn_echo_recordings.jsonl.gz,4622,28da7df95f25b108921a3f83d014409f2f89a607255ed160817c68957722a605,fresh_sha256_both_files,direct_artifact,1780045142242145000,184,712489672,1779346804796244681,184,711019466
legacy_asr:LHOTSE/Voices-in-the-Wild-Bench/data/manifests/vitw_real_distortion_recordings.jsonl.gz,legacy_asr:Voices-in-the-Wild-Bench/manifests/vitw_real_distortion_recordings.jsonl.gz,2278,b7f4a6c69d63a29845c513643e0a43e41d2be491424689e895a74d6757d0704e,fresh_sha256_both_files,direct_artifact,1780045142215000346,184,712489652,1779346801637907548,184,711019303
legacy_asr:LHOTSE/Voices-in-the-Wild-Bench/data/manifests/vitw_real_recording_recordings.jsonl.gz,legacy_asr:Voices-in-the-Wild-Bench/manifests/vitw_real_recording_recordings.jsonl.gz,2244,182b4c6e12fd81b20a87329b2c3ab8f66ac0292dc5ace0eec6cc2e62ac33973c,fresh_sha256_both_files,direct_artifact,1780045142233737336,184,712489666,1779346803563640985,184,711019460
legacy_asr:LHOTSE/Voices-in-the-Wild-Bench/data/manifests/vitw_real_dropout_recordings.jsonl.gz,legacy_asr:Voices-in-the-Wild-Bench/manifests/vitw_real_dropout_recordings.jsonl.gz,2239,07d1c0cfee124560944a9f16c1c03178bcb66930fe938588a133631f425875a0,fresh_sha256_both_files,direct_artifact,1780045142218966338,184,712489654,1779346801815349828,184,711019304
legacy_asr:LHOTSE/Voices-in-the-Wild-Bench/data/manifests/vitw_real_far_field_recordings.jsonl.gz,legacy_asr:Voices-in-the-Wild-Bench/manifests/vitw_real_far_field_recordings.jsonl.gz,2237,9eb0cf58454abd2a02369e6fabe1a3a578b7ddf82f9a241f2a35f4f0e708da81,fresh_sha256_both_files,direct_artifact,1780045142223392406,184,712489658,1779346802215480995,184,711019269
legacy_asr:LHOTSE/Voices-in-the-Wild-Bench/data/manifests/vitw_real_obstructed_recordings.jsonl.gz,legacy_asr:Voices-in-the-Wild-Bench/manifests/vitw_real_obstructed_recordings.jsonl.gz,2226,ccdf792dbc0a14cda0eea24e39b0278aa16573443b2b09cb93c13abaedf02a25,fresh_sha256_both_files,direct_artifact,1780045142232097348,184,712489664,1779346803398196861,184,711019285
legacy_asr:LHOTSE/Voices-in-the-Wild-Bench/data/manifests/vitw_real_noise_recordings.jsonl.gz,legacy_asr:Voices-in-the-Wild-Bench/manifests/vitw_real_noise_recordings.jsonl.gz,2222,594a16789babb552d61ea7e59a4fb80a8d11d22ccda064803b97d9ce5c5ff613,fresh_sha256_both_files,direct_artifact,1780045142230465107,184,712489662,1779346803169447124,184,711019279
legacy_asr:LHOTSE/Voices-in-the-Wild-Bench/data/manifests/vitw_real_echo_recordings.jsonl.gz,legacy_asr:Voices-in-the-Wild-Bench/manifests/vitw_real_echo_recordings.jsonl.gz,2200,2bc4ee73f464658e8733364684e26aa5ca981adfe4e087d8a6afcaaa965bb17f,fresh_sha256_both_files,direct_artifact,1780045142220799487,184,712489656,1779346801977369844,184,711019310
